0,0.973100450448445
6.03756336466445e-06,0.972522646248307
1.77192444734524e-05,0.971486513322253
2.94009255822403e-05,0.970549491420725
4.10826066910282e-05,0.969701738287702
5.27642877998162e-05,0.968934489679866
6.7213545494492e-05,0.968085077814828
8.16628031891678e-05,0.967333846203724
9.61120608838437e-05,0.96666932650747
0.00011056131857852,0.96608145414124
0.000128743710756572,0.965436851086792
0.000146926102934624,0.964884416494496
0.000165108495112676,0.964411047444066
0.000187302489125167,0.963923988767388
0.000209496483137657,0.963520927376513
0.000231690477150148,0.963187538445723
0.000259696563805579,0.962847753522178
0.000287702650461011,0.9625807767051
0.000321535882784541,0.962333384054189
0.000355369115108072,0.962148993299619
0.000397762868070795,0.961982693679423
0.000440156621033518,0.961868091970987
0.000495742605166435,0.961769845151722
0.000551328589299352,0.961709958964824
0.0006269053918441,0.96166400128628
0.000719307279872997,0.96163735720753
0.000838923128547362,0.961623937513544
0.000958538977221728,0.961619601159825
0.00107815482589609,0.961618179329054
0.00119777067457046,0.96161768455295
0.00131738652324482,0.961617482836158
0.0014654525130448,0.961617351875124
0.00161351850284477,0.961617257729257
0.00176158449264475,0.96161717183667
0.00190965048244472,0.961617087786025
0.00208979886905753,0.961616986035516
0.00226994725567034,0.961616884395717
0.00245009564228315,0.961616782771556
0.00263024402889596,0.961616681149586
0.00285897261015591,0.961616552123829
0.00308770119141586,0.96161642309809
0.00331642977267581,0.961616294072316
0.00360326496151262,0.96161613226856
0.00389010015034944,0.961615970464746
0.00423632258077128,0.961615775160496
0.00458254501119312,0.961615579856162
0.00501736467863141,0.961615334573943
0.0054521843460697,0.961615089291593
0.00603061600769413,0.961614762997323
0.00672502052671783,0.961614371282264
0.00759400658335406,0.961613881084918
0.00874159860562374,0.961613233724403
0.0103912896949462,0.961612303126517
0.0131456829103619,0.961610749357171
0.0195477730316117,0.961607137880299
0.0485895479591903,0.961590754795621
0.0922111100636538,0.961566145842324
0.135832672168117,0.961589915813586
0.179454234272581,0.961624195073715
0.223075796377044,0.961652976117329
0.266697358481508,0.96167664388508
0.310318920585971,0.961690016779879
0.353940482690434,0.961669603564662
0.409764560195155,0.961665119538784
0.465588637699875,0.961763704223018
0.521412715204595,0.961927261154996
0.562072054025592,0.962124353383928
0.602731392846589,0.962392368258304
0.607041636633378,0.962524191255637
0.611351880420167,0.962658479928739
0.618399802871216,0.962877642132133
0.639814848989471,0.963542937462207
0.671167231161544,0.964515225864191
0.702519613333617,0.965432752484323
0.709405448812703,0.965501656024917
0.71629128429179,0.965568722320289
0.728851125585409,0.965691249072452
0.775276353025548,0.966143834646446
0.800978641758485,0.966383525197342
0.810037231042443,0.966372678762094
0.819095820326401,0.966360719841863
0.8379888068331,0.966335896918812
0.917940448136033,0.96623540499352
1.01970245675387,0.966150921106577
1.12146446537171,0.966163704562545
1.17760749077606,0.966172035308888
1.23375051618041,0.96595889257689
1.28989354158477,0.96559698097564
1.32973345489727,0.965184238645338
1.36957336820978,0.964717141869678
1.392863743969,0.964443881469922
1.41615411972822,0.964391361768885
1.43944449548744,0.964439061088118
1.46273487124666,0.964486574722154
1.49970137995848,0.96456190491224
1.52152827754441,0.964499300105356
1.54335517513035,0.964434646697347
1.59240214337708,0.964289360134547
1.61057742569776,0.964423881390377
1.62875270801843,0.964698334896793
1.64222002166203,0.964901149801563
1.67952800520497,0.9654625718036
1.72668381893595,0.965883916062836
1.75594994042692,0.966006521422171
1.78521606191789,0.966129496248355
1.84820079011948,0.966496768363548
1.91118551832107,0.966806514011313
1.9395861756506,0.96675885648786
1.96798683298012,0.966710852583297
2.05024597941592,0.966716070966914
2.0833816143357,0.966755525304686
2.10324832399436,0.966733359324934
2.11644551686997,0.966560918107869
2.12964270974559,0.966387629640074
2.16039489320832,0.965983645728009
2.18668711099768,0.965637970208303
2.20323796927389,0.965468099009264
2.2197888275501,0.965499621773557
2.23236956594932,0.965524027841
2.26729439783006,0.965591718202779
2.29037589683591,0.965636448392371
2.31345739584176,0.965900528608386
2.33653889484761,0.966325442986306
2.35271059764382,0.966622450614341
2.38425059519465,0.96720132623563
2.40199159023171,0.967490195246236
2.40898072261697,0.967489584548364
2.41596985500224,0.967487531924191
2.42986655749926,0.967483634426271
2.48735329616532,0.967467458167683
2.52251669413174,0.9670371934074
2.54387662348265,0.966629213129875
2.56523655283355,0.966221402975618
2.58605786816257,0.965823518370006
2.59739925922034,0.965606647552811
2.6087406502781,0.965592569933677
2.61702076019471,0.965629515444533
2.62530087011131,0.965665980488163
2.64872973630746,0.965769221039395
2.68714139076423,0.965938430628254
2.725553045221,0.965889808653063
2.76396469967776,0.965729651366341
2.79405834441038,0.96560434006346
2.83244567318499,0.96530556430982
2.87083300195959,0.964980515267183
2.88743992755865,0.96483983720488
2.89707839067095,0.964758173454553
2.90671685378325,0.964895385128268
2.91635531689555,0.965134377063668
2.92599378000785,0.96537249788549
2.94803248564221,0.965916555023204
2.98947642072225,0.966937925705216
3.01303286694891,0.967315606385502
3.02937031431527,0.967461194078532
3.04570776168163,0.967607260200775
3.08759072353345,0.967981456341765
3.12163115561684,0.967549346074232
3.13245141330279,0.967274352385692
3.14327167098874,0.967000192623249
3.16637302529267,0.966414219744498
3.18605693987888,0.965914352851896
3.19706540904205,0.965634561449941
3.20807387820522,0.965562056319408
3.21681048504855,0.965568373664663
3.22554709189188,0.965574112110361
3.24842610461549,0.965589215851675
3.28420247731051,0.965612830607072
3.29637276641825,0.965620863307457
3.30854305552599,0.965995515022919
3.31744584038736,0.966389864762493
3.32445137478701,0.966699078611625
3.34069667757874,0.96741545776121
3.36677470289477,0.968563119149724
3.39285272821079,0.969707956366238
3.39981003365767,0.970012910533132
3.40133371787656,0.970027820633071
3.40285740209546,0.970028526075294
3.40438108631435,0.970030330241333
3.40767081998172,0.970033806066836
3.41921049489877,0.970046107600343
3.47690886948404,0.970107580265302
3.56264457342397,0.969987622411817
3.64838027736391,0.969892581570164
3.73411598130384,0.969852515721731
3.83914434021013,0.969763867262704
3.97594000820782,0.969574767499721
4.03697930816523,0.969609219660248
4.09801860812265,0.969743555632141
4.13279682288917,0.969702748563844
4.16757503765569,0.96965440365006
4.22964889437289,0.969588662051578
4.30875631920255,0.969530981080169
4.4130027589957,0.96943089415823
4.47404222341072,0.969390782104968
4.53508168782573,0.969120010453638
4.57628309404856,0.968820554284376
4.61748450027139,0.968534641859984
4.66899968675718,0.96820026905046
4.73734172247624,0.967906134104842
4.8056837581953,0.967747258521309
4.85447578886777,0.967710890308926
4.90326781954023,0.96767677697468
5.00856416423508,0.967658734903577
5.08066795340731,0.967578551811697
5.15277174257955,0.967594006646022
5.20293609433288,0.967618331180235
5.2341980777719,0.96752199086831
5.26546006121092,0.967425309419984
5.35698510071438,0.967475324214586
5.4239834097331,0.967545402511167
5.49098171875182,0.967406712500023
5.55798002777055,0.967278769688281
5.67283603527821,0.967085455962487
5.7469056589591,0.967231998814289
5.82097528263999,0.96747151391804
5.90987573874147,0.967532047038713
5.94139376599454,0.967433067407242
5.97291179324761,0.967333783585985
6.06905282558899,0.9671500351511
6.16519385793038,0.967049551800095
6.26133489027176,0.967030125619893
6.35908845859086,0.966952744169931
6.45684202690996,0.96689713549606
6.55459559522907,0.966943085241841
6.65234916354817,0.966873992112141
6.75010273186727,0.966729176752512
6.84785630018637,0.966622430123944
6.94560986850547,0.966577652447121
6.99606243960088,0.966599263314984
7.02665513727443,0.96672258570789
7.05724783494798,0.966862747549706
7.10094760160875,0.967053864727686
7.11041218504656,0.967008330454622
7.11987676848438,0.966961784489722
7.14013649888826,0.96686223686425
7.19219750317731,0.966606323946514
7.22577042775828,0.966554970981124
7.25934335233924,0.966538839441452
7.2929162769202,0.966522600678609
7.44250348866599,0.96646417274622
7.59209070041177,0.96644914901
7.67508058075308,0.966402899632482
7.75807046109438,0.96633660813593
7.85814321733967,0.96631893808157
7.95821597358497,0.96621787055438
8.16259453266461,0.966113839449914
8.30667199834162,0.966297527858903
8.35146063302038,0.96624850784663
8.39624926769915,0.966199223580279
8.48783600049116,0.96613457187675
8.57942273328317,0.965952232268001
8.64747836342481,0.965913438451559
8.71553399356645,0.965914028134583
8.79736319357677,0.965877977405804
8.92180089481399,0.965854592528272
8.98825997848007,0.965912886799669
9.05471906214616,0.965824961568505
9.10351172817605,0.965740245453679
9.17418683979509,0.965677769038642
9.24486195141414,0.96562958723579
9.36300945197776,0.96560186404715
9.48115695254138,0.9659003898417
9.52684519217804,0.965852687408692
9.5725334318147,0.965651961936152
9.60470373178688,0.965535183076942
9.63687403175907,0.965562691895689
9.66125079549225,0.965583742262359
9.74278001188625,0.965551610449312
9.82430922828024,0.965478282624042
9.90705485912819,0.965516762466789
9.96436953002049,0.965444857737223
10.0216842009128,0.965395306803788
10.0789988718051,0.965383106690775
10.1532358651464,0.965420134972662
10.2485576161783,0.965316613350032
10.3175815408355,0.96518174467286
10.4443213820201,0.965283594883707
10.5710612232046,0.965235774594405
10.6420147952314,0.965258197950792
10.7129683672581,0.96532763229847
10.8216196113284,0.965211781570325
10.9027471671294,0.965103288811386
11.0280037714991,0.965013188395862
11.1532603758688,0.965058227551164
11.2785169802385,0.964984180333301
11.369745263362,0.9649523550171
11.4609735464854,0.9648454867897
11.5522018296089,0.964746732442903
11.66744912162,0.964824499960406
11.7465153301282,0.964882863419514
11.8255815386363,0.964907554736905
11.8871051793539,0.964949911271973
11.9294055554804,0.964853903964262
11.9717059316068,0.96470210954133
12.0012271190709,0.964602782122056
12.0203206527309,0.964637511451817
12.0394141863909,0.964672721750801
12.0882742537729,0.964762805752704
12.1456084223394,0.96474553795168
12.202942590906,0.964696869767473
12.2602767594726,0.964660258127015
12.348261204585,0.964610390408854
12.4767805892923,0.964525353329243
12.5587204805773,0.964557375893448
12.6406603718623,0.964488808848723
12.7050278720694,0.964349368729886
12.7276661298771,0.964407525756357
12.7503043876849,0.964466071179373
12.8120348636175,0.964579813390016
12.87376533955,0.964502880119601
12.9214336934869,0.964479630417696
12.9691020474238,0.964501369131922
13.0167704013606,0.964498409754308
13.0644387552975,0.964449519219504
13.1311060647483,0.96438222768621
13.3347022522342,0.964297933780616
13.5013957610951,0.964335101956232
13.5503702331833,0.96425641341497
13.5993447052716,0.964177539040872
13.7647100105982,0.964106078290819
13.8587905266681,0.964217272163023
13.9528710427379,0.964211984976678
14.0675655768092,0.964172288524178
14.1532882445902,0.964061871405705
14.2390109123712,0.963994820863452
14.3058477131742,0.964058248162152
14.3590613207866,0.964021473885535
14.412274928399,0.963993737804406
14.4886728486852,0.963998343684379
14.5637589889662,0.96391155447995
14.6388451292472,0.963880765875498
14.7139312695282,0.963907691542416
14.7890174098092,0.963888605876015
14.8802824583871,0.963961811591306
14.9524847115145,0.963894545805816
15.0246869646419,0.963780906127817
15.0968892177693,0.96367721702056
15.1374258856159,0.963733166275793
15.1779625534626,0.963798941890007
15.2459054195496,0.963883841004978
15.3855378353932,0.963730040062722
15.4377667001347,0.963657086805418
15.4899955648763,0.963606208324854
15.5356265013222,0.963669804815366
15.581257437768,0.963764232784492
15.6268883742139,0.963730067330784
15.6725193106598,0.963605042823701
15.7020503532129,0.963534830430001
15.7221309316562,0.963584831951242
15.7422115100995,0.963635242755139
15.7959432186617,0.963770117734548
15.8192863749782,0.963714662636541
15.8426295312948,0.963634302842424
15.8723057512413,0.963532212633346
15.9338811087274,0.963528173662851
15.975550567893,0.96364162210389
16.0012016042769,0.963703731749731
16.0177726004095,0.963642822815834
16.0343435965421,0.963581356624183
16.0748357833867,0.963431122096467
16.1442792920471,0.963413602707208
16.2137228007076,0.963511829636062
16.2831663093681,0.963520351049075
16.3526098180286,0.963403664193849
16.3956816471355,0.963306159671101
16.4209871633629,0.963370652404934
16.4462926795903,0.963461067182855
16.4779944545784,0.963574225796371
16.5410227596076,0.963600692388073
16.6040510646367,0.963519389801185
16.6536970390627,0.963452823523586
16.7719152500473,0.963416840755331
16.8576263987829,0.963371030593927
16.9433375475185,0.963344748313225
17.0679956200639,0.963254714379752
17.5767006073901,0.963180029570092
17.5923380918443,0.963115899000669
17.6079755762985,0.963106294044345
17.6236130607527,0.963151843357719
17.6392505452069,0.963197142229546
17.6901238357998,0.963344477837422
17.7321796729754,0.963293726100883
17.7742355101511,0.963189078862597
17.8020786618905,0.96313106853732
17.8212737180734,0.963187991688057
17.8404687742563,0.963245328477561
17.8915028269504,0.963397753318974
17.9220416724156,0.963300818539379
17.9525805178808,0.963129681663091
17.983119363346,0.962958639695196
18.0280867087357,0.962932490879155
18.0730540541255,0.963043957701574
18.1058748801803,0.963111554970297
18.1459269121996,0.963117051066193
18.185978944219,0.963122461881122
18.2771658608543,0.963039568066702
18.3683527774897,0.963002363063935
18.4595396941251,0.962919988714625
18.5691777675859,0.962938835336098
18.6314299113822,0.962842495486219
18.6746105132976,0.962665050980206
18.6969225938541,0.962573421942664
18.7110902211488,0.962630915008774
18.7252578484436,0.962722276567841
18.7394254757383,0.962813446797986
18.790615354318,0.963142706318843
18.8169895741467,0.963107750834919
18.8433637939755,0.962957085912615
18.8638992747894,0.962839954933612
18.898587627374,0.962642049031887
18.9119165158372,0.962651814479528
18.9252454043004,0.962672715938544
18.9465667275703,0.962706108247253
19.025228557448,0.962832502308303
19.0770861866787,0.962920554639835
19.09460246951,0.96295028792945
19.1121187523414,0.962758006861926
19.1296350351727,0.962462906618897
19.1471513180041,0.962168024135507
19.1942796840345,0.961373711567685
19.1994154166364,0.961287063541891
19.202622523398,0.961113927464575
19.2058296301596,0.960906228491728
19.2090367369213,0.960699439821046
19.2158902781152,0.960257017444348
19.2405904336296,0.958658945802429
19.2757615855312,0.956373720993335
19.2891966507458,0.955497741058899
19.2974837246921,0.954956570178875
19.3057707986383,0.954701985795967
19.3140578725846,0.95458292872251
19.3223449465309,0.95446268150151
19.3401486677869,0.9542041944801
19.3997630516655,0.953337797274309
19.4079731150209,0.953329171875634
19.4161831783764,0.953325530992388
19.4310208133402,0.953318807395086
19.4885555167017,0.953292701668586
19.5764642543624,0.953378078165249
19.6643729920231,0.953414750435773
19.7522817296838,0.953522308196437
19.8469887675287,0.95355309010445
19.9416958053736,0.95353034529365
20.0023579006465,0.953605913936598
20.0630199959193,0.953760300019865
20.1236820911922,0.953843068817398
20.1700630819998,0.953819826141255
20.2164440728073,0.953806826859153
20.2834328471778,0.953815068343508
20.4014599698156,0.953724642205442
20.4392020167597,0.953800377291423
20.4769440637038,0.953876321681746
20.5916908105217,0.954066496479224
20.7359068856306,0.954100067551107
20.8003571304428,0.953965852754343
20.8387570270655,0.954015301060426
20.8771569236881,0.954065014413745
20.9891368571969,0.954065258913175
21.0492664759262,0.954199993583788
21.1093960946555,0.954334638891766
21.1834600554361,0.954268914010191
21.2358232830782,0.954225393670962
21.4015506421531,0.954607982395187
21.4245836016949,0.954623063989043
21.4476165612367,0.954637662679522
21.5082493195161,0.954650390641573
21.5688820777955,0.954499653456662
21.6152286304219,0.954399597616852
21.6751701219309,0.954311049568698
21.7437130854825,0.954403049647297
21.8122560490342,0.954550454752726
21.871408539427,0.954457402743619
21.9305610298199,0.954481078580835
21.9897135202128,0.954615251010224
22.0488660106056,0.954597959167605
22.0949760019354,0.954559290051676
22.1575636817168,0.954564498787619
22.2201513614981,0.954555812690231
22.298314353068,0.954494440928915
22.3051390030428,0.954664214610016
22.3119636530176,0.954897749007741
22.3187883029924,0.955130454382396
22.3367117324288,0.955741056667973
22.4043040745395,0.95812177995759
22.4111737529843,0.958489439832441
22.418043431429,0.958858567020003
22.4314087989188,0.959575779409877
22.4754421245944,0.961930637060981
22.4986610431367,0.963167523806346
22.5046208743797,0.963331915511132
22.5105807056227,0.963446085673407
22.5165405368657,0.963560911688018
22.5327768403139,0.963873482103946
22.6035616332349,0.96518053665569
22.6125072611292,0.965219360216306
22.6214528890235,0.965256786867736
22.639804563602,0.965333663070771
22.7112981048515,0.96559946177099
22.782791646101,0.96568504526053
22.8379290928887,0.965377601687918
22.8930665396764,0.964898291530994
22.9189103926598,0.964824706923598
22.9447542456431,0.964808042006863
22.9705980986264,0.964791223974073
23.0719815144644,0.965136479726368
23.1444119870021,0.965054414073417
23.2168424595398,0.964786600225565
23.2892729320775,0.964852722724693
23.3469836177752,0.96487149539842
23.4213163342136,0.964859643089176
23.495649050652,0.96478292020422
23.5209542736868,0.964938215372883
23.5462594967217,0.965132424006993
23.5715647197566,0.965326446358941
23.5932125602044,0.96549235972181
23.6148604006522,0.965398202775838
23.6365082411,0.965181555374752
23.6581560815478,0.964965203623325
23.6913550685663,0.96463321728543
23.7245540555848,0.964553423077522
23.7501567097175,0.964561906289933
23.7757593638502,0.964570203786693
23.8690419672085,0.964600661232254
23.937702170913,0.964357566459619
24.0063623746175,0.963921150826197
24.0405340462136,0.963836547446284
24.0747057178097,0.96375222803974
24.1813647755764,0.963717881702581
24.2613436363814,0.96355792291453
24.3178804597899,0.963416134409806
24.4064876494929,0.963260817618228
24.4398057116263,0.963324915572926
24.4731237737597,0.963389292207182
24.5765686461748,0.963464232193327
24.6800135185899,0.963353745142395
24.7500896465462,0.963368574400797
24.8201657745025,0.963383142577829
24.8902419024588,0.963278555928581
24.9792688772269,0.963124632941661
25.0682958519949,0.963186204594317
25.1351704196034,0.963402920398118
25.1863574453665,0.963652507761049
25.2375444711296,0.963558259912394
25.2737030773077,0.963402184195301
25.3098616834857,0.963260470537267
25.3564477271985,0.96312751736316
25.3962835230587,0.96301377714877
25.4209638315346,0.963078230403007
25.4456441400105,0.963167518222961
25.4790772524115,0.963288356618494
25.5438603037551,0.963274060285006
25.6086433550988,0.963146891285953
25.6734264064424,0.963064397331549
25.738209457786,0.963115835311745
25.8163024764557,0.963238208734874
26.0033370683776,0.962906649999259
26.0554948418544,0.962697274301159
26.1076526153312,0.962575299182483
26.1298788151419,0.962741599124576
26.1521050149526,0.962908408912332
26.2082488988131,0.963298073412209
26.2643927826736,0.963503597779677
26.3064918392729,0.963586027062339
26.3272052231356,0.963432163342398
26.3479186069982,0.963277718274001
26.4019434605955,0.962891312184164
26.4195071074283,0.962911249550079
26.4370707542611,0.96293197092289
26.4779945499088,0.9629802767808
26.571379177969,0.962921766062982
26.6647638060291,0.962871649742714
26.7581484340892,0.962929291271064
26.8765031213944,0.96293397913844
26.9948578086997,0.96274928028067
27.1023541702909,0.962659753678016
27.209850531882,0.962631527620188
27.349396177146,0.963129315231046
27.4889418224099,0.962730916342104
27.5121368208174,0.962652212241413
27.535331819225,0.962667858718104
27.5585268176325,0.962683228428545
27.6330535394455,0.962752196644546
27.7267926548163,0.962789000586833
27.8002765888902,0.962658507455321
27.8469761296109,0.962676069761095
27.8936756703317,0.96269380514969
27.9871299229974,0.962634792958705
28.0805841756632,0.962642332046635
28.1740384283289,0.96248891136547
28.2448789187881,0.962502107347422
28.3299025657602,0.962525230903586
28.4149262127322,0.96243375039464
28.4670671525051,0.962624731621016
28.519208092278,0.962791749976595
28.5713490320509,0.96291695161089
28.6447003667471,0.96277009007962
28.7180517014434,0.962494599860367
28.7914030361397,0.962467049415345
28.864754370836,0.962498526746372
28.9381057055323,0.962518479578046
29.0854842409658,0.962486017310148
29.181769132875,0.962374289120382
29.2780540247841,0.962388424787403
29.3538199022916,0.962168798347513
29.3932179095172,0.961999619289789
29.415847506002,0.962083983543853
29.4384771024868,0.962248293544042
29.4611066989716,0.962412308813103
29.5007177934959,0.962691548198632
29.512634985761,0.962649958656096
29.524552178026,0.962607275581695
29.550202430473,0.962515394803479
29.6558575467812,0.962155295654598
29.6893567023726,0.962046370625148
29.722855857964,0.962249037782505
29.7563550135554,0.96259942851598
29.7819681812764,0.962866943041251
29.8009351112932,0.96304758231854
29.8077618251231,0.962991544680196
29.8145885389531,0.962933691593616
29.8277747206383,0.962822060548455
29.8746936019434,0.962424734329629
29.9461526990688,0.962245466549754
29.9937697562504,0.962283225884512
30.041386813432,0.962302056352518
30.1144928840417,0.962313418679665
30.2075653776694,0.962260241015303
30.300637871297,0.962210449388636
30.6000443718018,0.962026401153061
30.6291431497294,0.962105645723751
30.6582419276571,0.962185186260873
30.7442641003408,0.962252837622065
30.8096126269438,0.962176408256706
30.8609300515234,0.962085210969387
30.9023430140846,0.962024483064239
30.928246251172,0.962122455624199
30.9541494882593,0.962220787066244
30.9991925341821,0.962391766395879
31.0261687007542,0.962364724629413
31.0531448673263,0.962333176997496
31.1093268958924,0.96226708912713
31.2418665727602,0.962085564067659
31.374406249628,0.962118566174004
31.4372689816128,0.962084396084285
31.5001317135976,0.961948179008755
31.5397392892344,0.961977747349785
31.5793468648712,0.962007588588811
31.7008416468257,0.962007131927398
31.8223364287801,0.962012841417972
31.8956454536391,0.962092730947395
31.9452498591124,0.962039370740647
31.9948542645856,0.961975420879153
32.082759974567,0.961938307295248
32.1706656845483,0.961937200758675
32.2997757952935,0.96193800007713
32.4983629348623,0.961894367511187
32.5934383135593,0.961908442012569
32.6885136922563,0.961869766263493
32.7835890709533,0.96188320078182
32.8786644496503,0.961829217312959
32.9737398283473,0.961948854136702
33.045092728601,0.961827253361625
33.1164456288547,0.96166867512794
33.1877985291085,0.961885379278145
33.2417775922154,0.96188792175885
33.2957566553223,0.961842704889477
33.3497357184292,0.961720281352699
33.4037147815362,0.961600384633103
33.4637029488701,0.961608578206835
33.5236911162041,0.961694004945056
33.5681802378796,0.961845976711507
33.612669359555,0.961920788059391
33.6457338206505,0.961830965621817
33.7069217661706,0.961697062465292
33.7458350785757,0.961773700000725
33.7847483909807,0.961850574485966
33.8536248900786,0.961822984829028
33.9225013891765,0.961738810803208
33.9913778882744,0.961634836064603
34.103998282992,0.961617555798684
34.2166186777096,0.961680706206405
34.2933998200363,0.961741286950225
34.341729268561,0.961650820993769
34.3900587170856,0.961539630020656
34.4594973235887,0.961559870856265
34.5086139230562,0.961596308335439
34.5773594458004,0.961651129391751
34.6726722372089,0.961637315883347
34.7679850286174,0.961737363094547
34.8632978200259,0.961663622606561
34.9586106114344,0.961473220758306
35.0539234028428,0.961523462793014
35.1492361942513,0.961568027297848
35.2361332846165,0.961501000674237
35.3230303749816,0.961540487084855
35.3912056476712,0.96162896077979
35.4299577783039,0.961552585424742
35.4687099089366,0.961438345775297
35.5074620395693,0.961346855630105
35.5462141702021,0.961351682643282
35.5849663008348,0.961356597335873
35.6564352846839,0.96150939359259
35.727904268533,0.96160673060889
35.7816654825895,0.961568379389727
35.8354266966459,0.961498539076525
35.9109153302838,0.961416197300458
35.9631003337419,0.96151915433098
36.0152853371999,0.961569020595434
36.067470340658,0.961489120413645
36.1727973720295,0.961325920833347
36.278124403401,0.961433958671901
36.3563040088386,0.96146456202053
36.4184130458322,0.961450060731765
36.4805220828259,0.961432368050057
36.5732121832945,0.961341177346609
36.6659022837631,0.961024389091857
36.7585923842317,0.961306282340894
36.8512824847003,0.961555957306964
36.8925435851406,0.96151034678186
36.933804685581,0.961439382293876
36.990697993149,0.961333636061434
37.025139484468,0.96140968960244
37.059580975787,0.961538607609573
37.094022467106,0.96166740291241
37.1203469231606,0.961596458535456
37.1466713792151,0.961474322077082
37.1729958352697,0.961352266333666
37.2396090384684,0.96126329157518
37.3062222416671,0.961319581454038
37.3580417942726,0.961317042229672
37.4098613468782,0.961294588914796
37.4616808994837,0.96118702209081
37.5135004520892,0.961143165767568
37.5546469245716,0.96125343861164
37.6064652041105,0.96137045590206
37.6582834836493,0.961333062360804
37.6979375206423,0.961304334034104
37.7710091317805,0.96111981605186
37.8440807429186,0.961003399879433
37.9933399608747,0.961343637332725
38.0288972140882,0.961381523984822
38.0644544673017,0.961392857268662
38.1114102471059,0.961381344507866
38.1583660269101,0.961286398956666
38.1991125371437,0.961203970916342
38.2235430881131,0.961284423282323
38.2479736390826,0.961370331477653
38.2963463810275,0.96154046497937
38.3163464573262,0.961485276294469
38.3363465336248,0.961400848554963
38.3622342848749,0.96129165887782
38.4670470511613,0.961051078022038
38.5494638216696,0.961136891545321
38.631880592178,0.961220836622202
38.6966101917369,0.961128307244595
38.7613397912958,0.961156543677014
38.8097789738389,0.961169267714015
38.8797958243151,0.961109596846117
38.9498126747913,0.961077337525168
39.0716862526717,0.960894487231046
39.1080967526366,0.960872516601472
39.1445072526016,0.961075083873077
39.1809177525665,0.961277717378955
39.2284202266282,0.961259880935773
39.2759227006899,0.96105001492537
39.3092090257049,0.960994882056292
39.3325122694358,0.961126853078436
39.3660922020226,0.961317003618697
39.4019010666561,0.96150218789126
39.4152593149367,0.9614542926442
39.4286175632173,0.961405602962398
39.4599212186479,0.961291442258048
39.6005843398648,0.960960902664019
39.6557273081875,0.960988012092275
39.7108702765101,0.961027459962954
39.7851578305969,0.96114793024715
39.8594453846836,0.961066695290036
39.9138154075924,0.960996408826909
40.0008024137945,0.961009110666409
40.1102952183686,0.960969263828856
40.1387592380048,0.96082154758145
40.167223257641,0.960673467862098
40.2492218788845,0.960878492225245
40.3147393357863,0.961212671479901
40.3512466262924,0.961073817934293
40.3877539167986,0.960934713349641
40.4353049309647,0.961023891817204
40.4828559451308,0.961208167368396
40.5304069592969,0.961307008240347
40.5967714253779,0.961376968232275
40.6209467805995,0.961291426989497
40.6451221358211,0.961188036311217
40.6813831994683,0.961032968042718
40.765569649614,0.960900189234273
40.8497560997598,0.960855610041799
40.9083607473912,0.96085712585421
40.9669653950227,0.960987523372701
41.0054523658284,0.961045076061714
41.043939336634,0.960930615811092
41.073191649828,0.960843436192986
41.1405106538168,0.960864061339841
41.2078296578056,0.960975607750587
41.2343906597748,0.960848339119389
41.2609516617439,0.960720619446404
41.300660100479,0.960534696110244
41.3148576138155,0.960577151218217
41.3290551271521,0.960620361774293
41.3624989633214,0.96072219331623
41.511216652786,0.958414063509768
41.513381028167,0.958271649632302
41.5155454035481,0.958124448494618
41.5184722854006,0.957926140847973
41.5251144819141,0.957475726197764
41.549549907175,0.955814777032467
41.5964191563175,0.952611817555252
41.6047951557986,0.952295593959147
41.6131711552796,0.952187015147272
41.6193063919144,0.952106244884463
41.6324105741326,0.951933595589852
41.6767824440871,0.951348765453588
41.7443398901792,0.950993888715357
41.7841591050848,0.950951936571106
41.8239783199905,0.95096024663695
41.9097130518788,0.951049026082775
41.9954477837672,0.951121278178341
42.1362134303739,0.951162131028921
42.2769790769807,0.951231504068774
42.4001664642192,0.951407072820854
42.4833613602105,0.951446860476047
42.5665562562018,0.95149690104837
42.6611369456319,0.9517095898425
42.755717635062,0.9519159703731
42.8502983244921,0.952043274272677
42.9448790139223,0.952116634541653
43.0394597033524,0.95214811855504
43.1540477077531,0.95225546523764
43.2686357121537,0.952321079682598
43.3832237165544,0.952371630443569
43.4978117209551,0.952415583531075
43.6123997253558,0.952484800249347
43.7269877297565,0.952345599567082
43.8102153973563,0.952240080016701
43.8934430649562,0.952300974788841
43.9563907918448,0.952442733840391
44.0193385187333,0.952574820680968
44.1019327078007,0.95268579305321
44.2067465956129,0.952809164410344
44.240449552138,0.952713707626917
44.2741525086632,0.952617976771104
44.3736560793317,0.95254822397496
44.4731596500003,0.952630386127688
44.5982256237892,0.952881993776622
44.6031156245579,0.953110016844016
44.6080056253266,0.953478060247968
44.6128956260953,0.953843790656596
44.6224644565149,0.954558722630283
44.6507983022304,0.956669303555925
44.6737293923633,0.958370250694276
44.6966604824961,0.960064885629316
44.7068018756115,0.960503539071295
44.7169432687268,0.960780306000491
44.7248776030548,0.960997616467178
44.7437689218696,0.961514583484403
44.7755975211395,0.962384226170965
44.7943017469907,0.962894513923501
44.8130059728418,0.963114418068117
44.831710198693,0.963202685161352
44.8504144245441,0.963291419557268
44.9017821436744,0.963537614788638
44.9633538860032,0.963918650422614
45.0002498738614,0.964145331590397
45.0222697670543,0.964143181810341
45.0442896602472,0.964140411107755
45.099535850647,0.964133418429501
45.1122437984218,0.964027832634787
45.1249517461966,0.963917280441978
45.1502369679023,0.963697273695669
45.1874552677214,0.963373287867131
45.2246735675404,0.963377591827802
45.2618918673595,0.963551447516151
45.289571648382,0.963680976014144
45.3507351315996,0.96395344926271
45.3885749292696,0.964120295073667
45.4264147269397,0.963985935505975
45.4642545246098,0.963718923812141
45.5020943222798,0.963479801427517
45.5136653342292,0.963552191405701
45.5252363461786,0.96362574129107
45.5500246854961,0.96378324607748
45.6046544710559,0.964093637982345
45.6242073220189,0.964063623503152
45.6437601729819,0.964033119211648
45.6946565561569,0.963953685808417
45.7256435352742,0.963776061667641
45.7566305143916,0.96357065844155
45.7980870713611,0.963295779697978
45.8101767723844,0.963361556809741
45.8222664734077,0.963456938825047
45.8380091942183,0.963580870380289
45.893178761945,0.964014916978646
45.9185138714047,0.963899266646203
45.9438489808644,0.963664310442753
45.9691840903241,0.963429541358588
46.0471736817957,0.963419258676095
46.1251632732673,0.96365934602206
46.171392766377,0.963527241523084
46.1971786452747,0.963453579478786
46.2132779830298,0.963261990974145
46.2293773207848,0.96303766008689
46.2498052201045,0.962753035512698
46.2825092381401,0.962297007711272
46.3015971402452,0.962056338722538
46.3130950178339,0.962083143207421
46.3245928954225,0.962111207701302
46.3485957729372,0.962169792774596
46.4003048754059,0.962294126263912
46.4191416141322,0.962229822294148
46.4379783528585,0.962164931511271
46.4866062272291,0.961997322777917
46.5372050665027,0.961998145475064
46.5878039057764,0.962062889759084
46.63840274505,0.962061300344957
46.6890015843236,0.96203836472221
46.7634055175021,0.962021680600999
46.8823557559132,0.961977734452857
46.9699991513156,0.962051127969992
47.057642546718,0.961954982397486
47.1452859421204,0.961734293111401
47.188344117481,0.961616336691192
47.2314022928417,0.961776667851061
47.2650243874238,0.961983765633907
47.2986464820059,0.962190628923258
47.3266181283068,0.962251225442244
47.3545897746076,0.962305701788291
47.4113886129642,0.962318517543208
47.4511859999873,0.962052361592223
47.4814297307731,0.961849829964708
47.5290258808903,0.961802127416958
47.5766220310076,0.961930197198142
47.6115632330761,0.96198745931895
47.6465044351446,0.961969562033279
47.7005725491417,0.961941320775868
47.7816445906668,0.96181289869649
47.8627166321919,0.961844681314604
47.943788673717,0.961884029865939
47.9958832154064,0.961887384585146
48.0290812118905,0.961758072438689
48.0622792083746,0.961609513738273
48.0923393634881,0.961474974717015
48.1223995186015,0.961625455339071
48.1447553341618,0.961811556590269
48.167111149722,0.961997374342465
48.1938544696864,0.962219545268967
48.2205977896508,0.962174623093276
48.2398461741755,0.962083271098551
48.2590945587003,0.961992095726432
48.2999235736426,0.961798656236388
48.3240091352832,0.961822970573382
48.3480946969238,0.961848295567024
48.4075178555002,0.961891460802014
48.4669410140767,0.96179996669036
48.5263641726531,0.961749954146847
48.5857873312296,0.961752709127442
48.645210489806,0.961762327859027
48.7873514421927,0.961733948757256
49.0165727729767,0.961735550240705
49.0875121938401,0.961663255241838
49.1584516147035,0.961637425249898
49.2293910355669,0.961689773439359
49.2840901379619,0.96180516645648
49.3387892403568,0.961774256761565
49.3934883427517,0.961682642017223
49.4481874451466,0.961705249260134
49.5028865475416,0.961735821108717
49.5625269096236,0.961616386423402
49.6221672717056,0.961554690935346
49.6818076337876,0.961591975834985
49.7414479958696,0.961607966610718
49.8697654028553,0.961533620060701
49.9459727487611,0.961618639334316
50.0221800946669,0.961728743585455
50.0983874405727,0.961618199017241
50.232988095251,0.961546957872672
50.3237430720889,0.961625433258033
50.4144980489268,0.961568483093382
50.5052530257647,0.961540415868001
50.6290026006933,0.961489473395498
50.752752175622,0.961456066087489
50.8765017505506,0.961468238928249
51.0002513254793,0.961531990326969
51.0707332410199,0.961459779713549
51.1412151565606,0.961480776140604
51.2366386165596,0.961532619319952
51.3320620765586,0.961440476985311
51.4055301776212,0.961327480230381
51.465961725415,0.961361091238874
51.5263932732087,0.961408665886919
51.6103592737249,0.961470275806272
51.6725786226641,0.961359280875593
51.7347979716033,0.961333579747415
51.7970173205425,0.961375869302322
51.8592366694818,0.961306397224799
51.9076739286258,0.961283043804297
51.9561111877697,0.961448437354117
51.9936009953925,0.961576533555322
52.0250851182841,0.961529481705445
52.0565692411756,0.961441985071898
52.0880533640672,0.96135453799368
52.1539599054805,0.961364420380979
52.2198664468938,0.961371673871897
52.2857729883071,0.961271795371312
52.3566151443759,0.961317944198182
52.4274573004447,0.961317656859036
52.4840235729235,0.961208578365449
52.5405898454023,0.961257850673578
52.5971561178811,0.961370131801959
52.6353207224076,0.96133267001191
52.673485326934,0.961285748616159
52.7438339215427,0.961253603289808
52.826603397038,0.961176079736858
52.9093728725333,0.961009741043281
52.9338520270894,0.961144055247165
52.9583311816455,0.961278807263768
52.9950914630073,0.961481148660236
53.0185331211315,0.961463433072648
53.0419747792558,0.961405567462341
53.06541643738,0.961347795773693
53.1656257730718,0.961262176306612
53.3101027817356,0.961374238179805
53.3442746099968,0.961270777285977
53.378446438258,0.961166977856355
53.4423954787535,0.961157903788207
53.5063445192491,0.961233946017001
53.5702935597446,0.961218557795366
53.6342426002401,0.961176289522439
53.7310053383722,0.961137357831884
53.8277680765043,0.961182582854696
53.9245308146364,0.961130435182538
54.0438552408958,0.961149314553378
54.1631796671551,0.961109383684986
54.2825040934145,0.961055108318562
54.4018285196739,0.961140648610019
54.5211529459333,0.96118887862231
54.5962300365572,0.961089056608021
54.671307127181,0.96110332395147
54.7292073419148,0.961117249604971
54.8797183271139,0.961156866766814
54.961244448766,0.961041900095401
55.0427705704182,0.961043841507234
55.1242966920704,0.961106694310098
55.2294426084852,0.960918034750196
55.2910849741557,0.96080984006605
55.3306763123895,0.960888207576713
55.3702676506233,0.961010306981999
55.4098589888571,0.961098761017472
55.4494503270909,0.96108476954185
55.5013377482346,0.961068302898098
55.5697300754549,0.961143259426758
55.6381224026753,0.961071268646099
55.7065147298956,0.960905435942517
55.7513006586177,0.960947006478534
55.7960865873398,0.960988790995226
55.8934200191761,0.960991795772122
55.9907534510123,0.961037356418935
56.0579599547282,0.960956987548228
56.1251664584441,0.960925521860657
56.19237296216,0.961007665151097
56.2390294261288,0.96094424964776
56.2856858900976,0.960856857115038
56.3510215091935,0.960896201971241
56.4163571282893,0.960948211958026
56.5132386904998,0.960912172807575
56.5722661903678,0.961026772126271
56.6312936902359,0.960985089469399
56.6903211901039,0.960803291355284
56.7370516115635,0.960888287786333
56.7709870897363,0.960994126148402
56.8049225679091,0.961073247649275
56.8388580460819,0.960993618709252
56.8660029814946,0.960929727977189
56.9579025242056,0.960861091824012
57.1136880004796,0.960823356534061
57.2216752959226,0.960734381398117
57.2951469658952,0.960735366035933
57.3364955796917,0.960898232715816
57.3778441934882,0.96108316626062
57.4364915842819,0.960982669493301
57.5227368409407,0.960741548675673
57.5888071362197,0.961060852364164
57.6291228596235,0.961084586034939
57.6694385830274,0.961041497362261
57.7097543064313,0.960978708734388
57.7581874450705,0.960827923145342
57.8041168707338,0.960701892299522
57.8500462963972,0.960750050290216
57.8827645708105,0.960784506730515
57.9935060778581,0.960830739137505
58.1042475849057,0.960712541503491
58.1818679440045,0.960721061020539
58.2437755443648,0.960769917675704
58.3106414208274,0.960806325532793
58.3775072972899,0.960654639203772
58.4293951960114,0.960560016575405
58.4838856356685,0.960479551838808
58.5383760753257,0.960647419770436
58.5928665149829,0.960920690651503
58.64735695464,0.961010059333969
58.6859201242531,0.961053366365412
58.7430245395728,0.960949931501728
58.8001289548926,0.96079161561614
58.8213095451948,0.960840044781333
58.842490135497,0.960888965884417
58.8988152013988,0.961019124075316
58.9245558964777,0.960954081173565
58.9502965915567,0.960882504042966
59.0007509683896,0.960742813548663
59.1027393283165,0.960571346388398
59.1354475584939,0.960641523523904
59.1681557886713,0.960712027264294
59.2630644508529,0.960748918487043
59.3849467336853,0.960728357174388
59.4595445129708,0.960604465704031
59.5341422922563,0.960547321947816
59.6087400715418,0.960606720963637
59.6833378508272,0.960660949382522
59.7651666556062,0.960833822676049
59.8469954603851,0.960872019041758
59.9511491329559,0.96078767516786
60.0553028055267,0.960609182028728
60.1594564780975,0.960680901091318
60.2297911278441,0.960740385665555
60.2766518160845,0.960623755263032
60.3235125043248,0.960599888658072
60.3703731925652,0.960669246540787
60.4172338808055,0.960707502886768
60.4640945690458,0.960691791707433
60.5260955869939,0.960581651477605
60.5715562576044,0.960409544228253
60.6012201760657,0.960305873456824
60.6203319174912,0.960368928184279
60.6394436589167,0.960432568938673
60.6873722699715,0.96059222576965
60.7607287249696,0.960693509215292
60.8340851799678,0.960728007477294
60.9074416349659,0.960719517390316
60.9807980899641,0.960708935437447
61.1994349404951,0.960584305264345
61.2642561363059,0.960430762961489
61.3031524431026,0.960359838259023
61.3275510823292,0.960470489729643
61.3519497215558,0.960581576971916
61.3949418331511,0.960777334154591
61.4216004230411,0.960750002205505
61.4482590129311,0.960686794872706
61.4810738486349,0.960609062329128
61.5779901030113,0.960486927509936
61.6749063573877,0.960338288987433
61.7357199602793,0.960459795827497
61.796533563171,0.960740570539675
61.8213516658095,0.96067614287251
61.846169768448,0.960581467255408
61.8780283249325,0.960459973898183
61.9439623453972,0.960475108590701
62.0098963658619,0.960644216485139
62.0581805514141,0.96084923074218
62.1064647369662,0.9609931944842
62.1258357804309,0.960891693221635
62.1452068238955,0.960789685398872
62.1965669206175,0.960519028663376
62.2250558226564,0.960487729339776
62.2535447246953,0.960473317126582
62.2976220882746,0.960450989787842
62.349584078184,0.96056230518739
62.4015460680933,0.960672522607184
62.4301227755311,0.960589844738473
62.4586994829688,0.960506756559373
62.5104021364709,0.960402067813837
62.562104789973,0.96048058439991
62.613807443475,0.960529045587465
62.6655100969771,0.960493999205908
62.7506279967948,0.96027392695415
62.8132163665313,0.960157973489374
62.8541022830478,0.96039658432543
62.8949881995643,0.960635262116137
62.9209157511583,0.960615479880904
62.9468433027523,0.960553403573727
62.9727708543463,0.960491401456509
63.0841325954544,0.960509741705913
63.1644739524956,0.960823365666104
63.2448153095367,0.960739197593663
63.284669252932,0.960516561473186
63.3245231963272,0.96044107212339
63.3866913686995,0.960468804474093
63.4353060851965,0.960465511591099
63.5240048020066,0.960427414906435
63.6127035188168,0.96032475301832
63.701402235627,0.960060910084122
63.7129281463398,0.959907753495519
63.7244540570527,0.959753479354192
63.7497428652638,0.959414747768763
63.7803995253336,0.959003848132016
63.7925907647854,0.958840333912184
63.7990392622064,0.958753820830472
63.8032864941061,0.958542599979475
63.8075337260057,0.958277491483757
63.8117809579054,0.958013258009345
63.8218487421601,0.957386155040336
63.8582214003956,0.955113218139149
63.8799154702024,0.953752118253181
63.9016095400093,0.952457062184148
63.904661113419,0.952396199230259
63.9077126868287,0.952339651791199
63.9120330070139,0.952258904604455
63.9240031970192,0.952035165497154
63.9713119251857,0.951149945278655
63.9946663856701,0.950712284465231
64.0104539534255,0.950603316481515
64.0262415211808,0.950593756134293
64.0420290889361,0.950583815353113
64.0869880438142,0.950555339615245
64.1595924777714,0.950681179083411
64.2321969117286,0.950731095352003
64.2884981699175,0.950657988148778
64.3447994281065,0.950689541446008
64.4011006862955,0.950748131838892
64.4774433255918,0.950817214860532
64.6087871955461,0.950812696916844
64.6643728203783,0.950944236970613
64.7199584452105,0.951014804236155
64.7755440700427,0.950975207802142
64.8311296948748,0.951000291677278
64.902363765769,0.951095024027258
64.9735978366632,0.951096056031641
65.0448319075573,0.951105365120102
65.3431100599886,0.951275637173324
65.5708961821601,0.951639046372845
65.7986823043316,0.951565140260947
65.8314711121609,0.951575214076395
65.8642599199902,0.951588602726634
65.9406219072434,0.951696334263589
66.0169838944965,0.951829244959654
66.1333586996032,0.951799452151378
66.1933794271124,0.951778411521919
66.229104829768,0.951924243321719
66.2648302324236,0.952106827355816
66.3083927754749,0.952285305629516
66.3519553185262,0.952277379316652
66.3955178615774,0.952269346437202
66.4344699507059,0.952140983169526
66.4734220398344,0.951996423237392
66.5346483272329,0.951956737917692
66.5958746146313,0.952062467261866
66.6438354247876,0.952159773084991
66.7177518877037,0.952261428783787
66.7916683506198,0.952202552694004
66.8385486812526,0.952306862953064
66.8854290118854,0.952442244083182
66.8944141966639,0.952468192471142
66.8990959169582,0.952481707170522
66.9022781468971,0.952648290016929
66.905460376836,0.952891644339121
66.9086426067749,0.953133078516333
66.9147982083599,0.953599997467396
66.933934171107,0.955048574233126
66.9660991179296,0.957472989010556
66.9982640647523,0.959884572109938
67.0059971182471,0.960254568302784
67.0137301717418,0.960557928996033
67.0214632252366,0.960861751138649
67.0422725902194,0.961678289033509
67.0685056383768,0.962705550894795
67.0947386865343,0.96373053422746
67.1069380114221,0.963917228229004
67.1154684303516,0.96388603639964
67.1239988492811,0.96385621520617
67.1420058566439,0.963793180485116
67.189574157064,0.963626562248985
67.221898204153,0.963688240017721
67.2542222512421,0.963834834787183
67.2865462983311,0.9639812139837
67.3310140224675,0.96386297353469
67.3754817466038,0.963603941909914
67.4106343605076,0.963491794220293
67.4357003637828,0.963566293000567
67.489944086796,0.963727405936836
67.5387070120269,0.964056860514138
67.5874699372578,0.964434768092477
67.6008667862101,0.964515078882205
67.6059824802366,0.964415022594027
67.6110981742631,0.964312343006869
67.620307940737,0.964127734828001
67.6506670458353,0.963518726878443
67.6773618776718,0.962982539537939
67.6949831231422,0.962628263519101
67.7126043686125,0.962640293484273
67.7259135748326,0.962763980805436
67.7392227810527,0.962887027267643
67.7739802544435,0.963208202063977
67.9477676213975,0.963614583848664
67.9908595740174,0.963441563404709
68.0196608105133,0.963500199813607
68.0484620470092,0.963641707019913
68.077263283505,0.963782984400585
68.1002143805999,0.963892061118498
68.1078289967324,0.963805894267687
68.1154436128649,0.963717915439685
68.1302558328904,0.963546844749782
68.185201354884,0.96291180815135
68.2048226838022,0.962773525964377
68.2244440127204,0.962913697067088
68.2440653416386,0.963054135093962
68.3052300711797,0.96346892718676
68.344019357698,0.963576882523304
68.3828086442162,0.963684533409204
68.4419445513649,0.963610457294884
68.5010804585137,0.963429254006509
68.518632380448,0.963241505493953
68.5361843023822,0.96305294392616
68.5782190355315,0.962601004583583
68.644599370859,0.962119207450523
68.6897606823092,0.961869272914961
68.7349219937593,0.96178263291685
68.7800833052095,0.961744686579818
68.8252446166596,0.961686849800915
68.9093176053322,0.961581581554617
68.9683991443661,0.961689221174336
69.0274806834,0.961740899110507
69.086562222434,0.96172733633141
69.1456437614679,0.961720553884991
69.2983578667959,0.961589465981345
69.377610915226,0.961444626656511
69.4568639636562,0.961545600707164
69.5108274835809,0.961704907164342
69.5647910035057,0.961959871821068
69.5941083369585,0.962098349615729
69.6142727522826,0.962033219430619
69.6344371676067,0.961899630360347
69.6546015829308,0.961766226988537
69.6942369970705,0.961503916706485
69.7197513722113,0.961484588379516
69.7452657473521,0.961510194382526
69.7707801224929,0.961535693486778
69.8791492389917,0.961532334618803
69.9875183554905,0.961658348523659
70.0652210235127,0.961646594789813
70.124327813541,0.961603466481497
70.1834346035693,0.961538838525559
70.2722665775058,0.961331601721496
70.3338407701362,0.961482938796414
70.373618096776,0.961747931233606
70.3992318678875,0.961918312459611
70.4147212545741,0.961883120793715
70.4302106412606,0.961839637261202
70.4577425499347,0.961762306795411
70.5664222604376,0.961489677347237
70.6819839508579,0.961543940027246
70.7454182261559,0.961512415294203
70.808852501454,0.961449981524033
70.8766550835326,0.961534935786003
70.9444576656113,0.961489108345059
71.0153412249656,0.961345953683646
71.0862247843199,0.961120004898033
71.124651124863,0.961219295150061
71.163077465406,0.96144440955558
71.2015038059491,0.961660047560106
71.2221673556568,0.961653902641581
71.2428309053644,0.961647231433054
71.2972176570618,0.961629601401655
71.4218220984313,0.9614829742906
71.490221233865,0.961328157756953
71.5376842680326,0.96135027471832
71.5851473022003,0.961406541440498
71.6447669019091,0.961412957198002
71.7168448289312,0.961378946990126
71.7889227559533,0.961293087825661
71.8975622201948,0.96132236819212
71.9272003262906,0.961228611984972
71.9568384323864,0.961124850762747
71.9929540877869,0.960998311469046
72.0163314708404,0.961088211675769
72.0397088538938,0.961254278034185
72.0630862369473,0.961420076111831
72.0935476463366,0.961636004812593
72.1145414586473,0.961617737918501
72.135535270958,0.96152297690912
72.1565290832687,0.96142843442133
72.1929202054313,0.961264531656436
72.2175459806102,0.961313570439984
72.242171755789,0.961428919710338
72.2667975309679,0.96154407095953
72.3580424826844,0.961467997128615
72.4270293437479,0.961304234899238
72.4960162048114,0.961317571789811
72.5507649600599,0.961280133963894
72.6055137153084,0.961248284764007
72.6966610649275,0.961337014256616
72.7672846981756,0.961311700324441
72.8379083314237,0.961224981261661
72.9085319646718,0.961088897557902
72.9791555979199,0.960929238209349
73.0295047873246,0.961058813438157
73.0798539767293,0.961363582088076
73.11694978242,0.961466516066643
73.1438112682248,0.961434610369674
73.1706727540296,0.961402984111556
73.2579034093318,0.96137596886702
73.4040615123983,0.96124003852246
73.4795380473863,0.961213843271868
73.5550145823743,0.961141875109587
73.6608999103728,0.961143468465231
73.8123365625026,0.961184606318971
73.865473254405,0.961010226281396
73.8976345428238,0.960904529452939
73.9173059685942,0.960982738444083
73.9369773943647,0.961081579374632
73.9653939782785,0.961224240012113
74.0412828704023,0.961318557969884
74.0937733269904,0.961216161679033
74.1462637835786,0.961156246289346
74.1987542401668,0.961102134654877
74.3164497293785,0.961098361497868
74.4044455038382,0.961092695348234
74.4982787720233,0.960989869849959
74.5612214547522,0.9610300123512
74.6241641374811,0.961077464929511
74.7341765698251,0.961209514169991
74.794768374716,0.961327964920362
74.8314616692626,0.961252247604629
74.8681549638092,0.961151348023876
74.9185678695346,0.961063564207481
74.96898077526,0.961064078011155
75.0193936809854,0.961066591138589
75.1537801939072,0.961020957569958
75.2881667068291,0.960985889945746
75.339234663646,0.960830398455448
75.390302620463,0.960625036156281
75.4175754509295,0.960740264384089
75.4448482813959,0.960982406656244
75.4721211118624,0.961224126468663
75.5558372869063,0.961244743614252
75.6204064382434,0.961027602538808
75.6669271678882,0.960944905072694
75.7481557196758,0.960927556324087
75.8537755351567,0.961084592126004
75.9050809742954,0.961169178811336
75.940152560855,0.961086008748186
75.9752241474146,0.961002565009611
76.0840307606998,0.960878005205032
76.1524374690584,0.961002276537377
76.2208441774169,0.961077883666889
76.2730386566346,0.960954394102541
76.3640802613302,0.960847135368911
76.4551218660257,0.960876709550881
76.5461634707212,0.960890703734726
76.7079704428707,0.960874202604972
76.7932340040628,0.961014694126321
76.8784975652549,0.961028006046947
76.9434137615395,0.9610387539443
76.9991513874877,0.961051760827507
77.0321635641911,0.960919426377786
77.0651757408944,0.960782925374872
77.1132639454309,0.960675848983641
77.1613521499673,0.960812616179089
77.2239056183499,0.960915783035615
77.2719901337443,0.960901236092006
77.3200746491387,0.96088705233803
77.4997933178276,0.960643340349159
77.5179808151078,0.960706258667929
77.536168312388,0.960771019431409
77.5784868633752,0.960921748165967
77.6315063779261,0.960846836144687
77.6845258924771,0.960589654872985
77.7230738796198,0.96068198666019
77.7616218667626,0.960964545711857
77.7893490815583,0.961167471614197
77.8259317953437,0.96113117519143
77.862514509129,0.960967748625594
77.8990972229144,0.960804452573989
77.9354789916803,0.960778873870001
77.9718607604463,0.960757122910439
78.0529226112464,0.960850703514173
78.1780007740508,0.960873894359177
78.3030789368552,0.960739404545583
78.4281570996596,0.960715343965638
78.4856879261175,0.960824266747429
78.5432187525754,0.960675688191739
78.5867342204852,0.960497959758565
78.6302496883949,0.960579014375262
78.6737651563047,0.960775189215476
78.7172806242145,0.960915405131542
78.7607960921243,0.960969635321953
78.8043115600341,0.961003527676868
78.8478270279439,0.960850014123012
78.8785444903863,0.960741449069819
78.9363768337406,0.960755575583285
78.994209177095,0.96090006916719
79.0300695416789,0.960844252151007
79.0659299062628,0.960759734072169
79.1133106336419,0.960695498901248
79.1606913610209,0.960753991739743
79.2466898318878,0.960745841935181
79.3326883027546,0.960691549235479
79.5164226252149,0.960574297087751
79.5831055584627,0.960451934404975
79.6497884917105,0.960638759185551
79.6977506875722,0.96084924493769
79.7271132429168,0.960840940414493
79.7564757982613,0.960820664007051
79.8062916721143,0.960779367424006
79.8923378234666,0.960624889442687
79.9401408460921,0.960711439279485
79.9879438687177,0.960831434630979
80.047932198369,0.960825206388857
80.1079205280204,0.96076227459841
80.1679088576717,0.960588299044967
80.227897187323,0.96054435124917
80.2714734008985,0.960622457604157
80.315049614474,0.960664920467758
80.3586258280495,0.960639236989847
80.4199447523071,0.960598555102372
80.5411388817608,0.960523982850249
80.6167662739922,0.960589270073181
80.6923936662236,0.960941190343788
80.7305683180072,0.960911092060096
80.7687429697909,0.960828284032971
80.8069176215745,0.960743657381143
80.9149825924855,0.960515272128956
81.0230475633965,0.960551014176234
81.0937187000158,0.960679377579736
81.1429935858938,0.96065506829722
81.1922684717718,0.960613810626007
81.2692439625688,0.960580819262643
81.3671774654059,0.960462748828154
81.450459179812,0.960510446788816
81.5337408942181,0.960711120439939
81.5931999345741,0.96089121638304
81.6305647380868,0.960786764936002
81.6679295415994,0.960632811168889
81.7052943451121,0.960498865664451
81.7426591486247,0.960487336709568
81.7800239521374,0.96047596807586
81.8710639546911,0.960563890893257
81.9621039572448,0.960612846197072
82.0531439597985,0.960526458032159
82.1441839623523,0.960370358853833
82.2012191548048,0.960279456526978
82.2365079708151,0.960356415852575
82.2717967868254,0.960433624445971
82.3742329400993,0.960706582867704
82.4369353953581,0.960678232884934
82.4996378506169,0.960504120039326
82.5185904399281,0.960556965399344
82.5375430292394,0.960612465740111
82.5808394153468,0.9607393098871
82.646245260108,0.960621755698212
82.7116511048692,0.960413509322911
82.7770569496304,0.960385074193469
82.8424627943916,0.960484966490235
82.9586148859426,0.960601926429225
83.0747669774935,0.960463187464627
83.1595805601748,0.960157533041893
83.261742771369,0.960368059800732
83.3221161221974,0.960629850319671
83.3824894730258,0.960676923372679
83.4428628238542,0.960638248351415
83.5165022299197,0.960575620991023
83.6042943488456,0.960609950980847
83.6920864677715,0.960515507199828
83.7581665320802,0.96045642366709
83.8701361769699,0.960397605003627
84.0185956839837,0.960431211441218
84.1201897465979,0.960387039963036
84.1747422030022,0.960246424563649
84.2292946594065,0.960316340601561
84.2720610733993,0.960515168969502
84.305766417839,0.960631942440947
84.3394717622787,0.960554053709735
84.3661091549508,0.960492305563945
84.454956323792,0.960582761562675
84.502175203152,0.960713476463575
84.5200613328778,0.960642829397291
84.5379474626035,0.960571573038406
84.5834626046902,0.960390107562018
84.6387517708651,0.960343774674616
84.69404093704,0.960372599133676
84.7493301032149,0.960425319024285
84.8240489563309,0.960435309978961
84.8987678094469,0.960306787904002
84.9326665533865,0.960366217090081
84.9665652973261,0.960430422086504
85.0396301493842,0.960361825714372
85.1126950014423,0.960143074647885
85.1857598535005,0.960049744986573
85.227060346546,0.960206759096321
85.2683608395916,0.960475733944346
85.29684407857,0.960661046993432
85.3143158596496,0.960622916801867
85.3317876407291,0.960549680651697
85.3534942786738,0.960458827760232
85.3954810428134,0.960283063465685
85.4201634158824,0.960341463703233
85.4448457889513,0.960437321163996
85.474825058719,0.960553630145785
85.5400231568668,0.96057050311344
85.6052212550145,0.960443090799273
85.6570407912524,0.960393372032811
85.7088603274903,0.960356066931407
85.7807323885125,0.960387947456221
85.8526044495347,0.960175646452952
85.924476510557,0.959987185033172
85.9809919934026,0.960014451515325
86.0375074762483,0.959866052964195
86.0647066981138,0.959751232322683
86.0919059199794,0.95963647663433
86.1155852522265,0.958649038996734
86.1239806557506,0.958129265782254
86.1323760592747,0.957610361078468
86.1494388643388,0.95655394644239
86.1790181621268,0.954716609658582
86.1935908802102,0.953808683737389
86.2081635982937,0.953166630600857
86.2198212025368,0.952828201134986
86.228736687904,0.952568429129319
86.2500698899082,0.951946074699689
86.2775029686548,0.951144588758082
86.2946177127503,0.950643822632809
86.3117324568458,0.950475121279045
86.3288472009414,0.950464860175852
86.3420816496332,0.95045652263779
86.3773550443676,0.950434078610685
86.4521580881342,0.950546287663676
86.5269611319007,0.950644190309941
86.6017641756673,0.950595020977847
86.6540982476782,0.950666161748161
86.7064323196891,0.950723582779132
86.7786453459987,0.950665506120035
86.8508583723083,0.950738473978178
86.9230713986179,0.950837454729948
87.1088458003963,0.950967959295467
87.2532704767206,0.951160261342828
87.3976951530449,0.951063560082315
87.4292516357863,0.951136894223645
87.4608081185276,0.951220934399271
87.5147662485219,0.951333087520935
87.5687243785162,0.951360594088913
87.6654496538498,0.951527316028639
87.7415093039402,0.951488344685283
87.8175689540307,0.951346961698991
87.9319109762756,0.951554748824276
88.0462529985204,0.951769156627017
88.101283964023,0.951819964017697
88.1383617151453,0.951741126766309
88.1754394662676,0.951662079511339
88.2478457693734,0.951697253576068
88.3202520724792,0.951762938203516
88.4073012834038,0.951660238974849
88.442038816085,0.951748793696831
88.4767763487661,0.951837526436489
88.583440313645,0.95186791566557
88.6364610283485,0.95197843808435
88.6894817430521,0.952148235816589
88.7425024577556,0.952275473986804
88.8096844707066,0.952364552014224
88.8509802612344,0.952204256972913
88.8922760517622,0.95204371575295
88.9286191579956,0.952046334634791
88.9649622642289,0.95208862734009
89.0013053704622,0.952130654050642
89.1461993488168,0.952250723260875
89.176370805908,0.952265865536815
89.1906568627768,0.952273016805769
89.1981161185165,0.952276759946114
89.2055753742562,0.952549695942567
89.2113762730545,0.952839859302695
89.2171771718528,0.95312882065914
89.2311598429557,0.953824608203132
89.2783759342874,0.956166422939187
89.3021225071028,0.957371421067391
89.3158992711798,0.958258679692534
89.3296760352569,0.959145298625466
89.3592168915868,0.961040729491263
89.3775322772121,0.962211936965947
89.3958476628375,0.963380183840556
89.3998453169607,0.96363478014022
89.4012692450539,0.963648814477584
89.4026931731471,0.963642930558929
89.4041171012403,0.9636387435962
89.4069078324032,0.963629988871498
89.4151892820644,0.963604119751406
89.4527463858039,0.963486807705029
89.6405319045013,0.963403564565177
89.7195401439746,0.963664932703762
89.7985483834478,0.963908521010908
89.8107417300702,0.963805510950658
89.8229350766925,0.963681620935064
89.8403910831908,0.963504392213795
89.9057385319381,0.962911017255555
89.9207185034073,0.962944289484616
89.9356984748765,0.962978203360492
89.9700373550891,0.963055946159434
90.0641248691446,0.963320963228582
90.1582123832,0.963335356817153
90.2094848323881,0.96330597036321
90.2607572815762,0.963524407986263
90.2995181427448,0.963689609215462
90.3153319382024,0.963636429164089
90.3311457336601,0.963578570019544
90.362965073785,0.963462123501864
90.5067440260585,0.963209331908797
90.5587284688472,0.963331757556861
90.6107129116359,0.96336005481887
90.6478096634474,0.963118741408014
90.677112205871,0.962927869170786
90.7794587049751,0.962017122347448
90.8228282649969,0.961852716779299
90.8521385597889,0.961897210480592
90.8814488545809,0.961941332744855
90.9368733097864,0.961838666596364
90.992297764992,0.961641260176246
91.0477222201975,0.961595550999776
91.0900399730362,0.961579662622674
91.1541230735508,0.961553016174446
91.2426596433317,0.961609351861496
91.3032373678151,0.961701365310244
91.3278115962259,0.961622694417432
91.3523858246368,0.961543609914362
91.3988821417984,0.961393888815972
91.4267883608777,0.961442383225813
91.454694579957,0.961497175824386
91.5097717422188,0.961600487726606
91.6124820077701,0.961734218491378
91.7338562497126,0.961681308962585
91.8552304916552,0.961563334854823
91.9407281577271,0.961567225295762
92.026225823799,0.961545157586892
92.1317394412022,0.961536078578937
92.194920030196,0.961595268054532
92.2334877208703,0.961487203654751
92.2720554115446,0.961356658689462
92.308125468215,0.961300590468815
92.3441955248855,0.96147439657115
92.3802655815559,0.961648292875273
92.4399423761376,0.961680370623009
92.4996191707193,0.961584806615271
92.5592959653009,0.961511345046947
92.6384117917862,0.961490330513363
92.7175276182714,0.9615058141687
92.7952659633544,0.961364988651746
92.8442671445164,0.96140752495844
92.8932683256784,0.961464431029088
92.9736456181733,0.961486128248512
93.0540229106682,0.961340936674767
93.1596455567132,0.96140632046421
93.228102223002,0.961495318250458
93.2965588892908,0.961389386634701
93.3457645306908,0.961443001953349
93.3830056813768,0.961491177449676
93.457127308849,0.961429011513511
93.5312489363211,0.961373252363095
93.6053705637933,0.961384347733867
93.6794921912654,0.961294245920579
93.7536138187376,0.961373552379932
93.8277354462097,0.961433203306179
93.9018570736819,0.961350444704827
93.975978701154,0.961309951214118
94.0501003286262,0.961318354795085
94.1832081640254,0.961154087057951
94.276588708028,0.961007341355937
94.3351764987811,0.961165397327641
94.3937642895341,0.961485737037677
94.4379974551825,0.96153899188853
94.469516526647,0.961554419450452
94.5146169281284,0.961547038025134
94.5597173296097,0.961477412749021
94.6394666718434,0.961324077699733
94.7429656239586,0.961198526699353
94.8167947190408,0.961218664617841
94.890623814123,0.961219820207466
94.9803698755999,0.961134374697358
95.0701159370768,0.961163480318951
95.1598619985538,0.961249732044483
95.2768394983946,0.961100959541747
95.3332484231021,0.961160225767569
95.3896573478095,0.961360871767013
95.4341777932389,0.961351622685314
95.4786982386683,0.961290845956489
95.5232186840976,0.961232974656538
95.649993676315,0.961098782850686
95.7767686685324,0.961155639968702
95.8492516108536,0.961113177734674
95.9217345531748,0.961066910718914
95.994217495496,0.961160980385629
96.0381593608521,0.961096136908368
96.0821012262082,0.961012388705526
96.1484466093372,0.961066673351499
96.2147919924663,0.961197972653645
96.2811373755953,0.961362886181775
96.3379714658081,0.961281095982272
96.3948055560209,0.961087209230545
96.4516396462337,0.96099792381661
96.5084737364465,0.960944734625666
96.5653078266593,0.961037235554849
96.6221419168721,0.961098811590792
96.6789760070849,0.961111230079012
96.7492241540567,0.961034868697652
96.8367797944677,0.960972599860004
96.9243354348787,0.960965362297235
97.1080105112273,0.961191106176299
97.2430136149702,0.961202257582124
97.3142725322007,0.960971825882922
97.3855314494311,0.960975162140787
97.4567903666616,0.960935287070416
97.545296207951,0.960936142198043
97.6338020492404,0.960972089458026
97.7634631717432,0.96092613285373
97.8931242942459,0.960522446005771
97.9172325065232,0.960596996258707
97.9413407188005,0.960742613675446
97.9654489310778,0.960888006165655
98.0519241044374,0.961217348744705
98.0940037179132,0.961314932795227
98.136083331389,0.961247363892545
98.1673421509837,0.961176312432743
98.2131984772537,0.961066581635928
98.2984688704058,0.960836642319308
98.3309925871854,0.960872301823656
98.363516303965,0.960914433430729
98.4286944511744,0.960957639221779
98.4938725983837,0.960947736977408
98.559050745593,0.960896787015107
98.6242288928024,0.960818111505636
98.6894070400117,0.960699481597782
98.7827960509943,0.960697681876643
98.8497566682799,0.960855274971704
98.9167172855654,0.960986450439474
98.983677902851,0.960886235500857
99.0506385201365,0.961035019134558
99.1012632002848,0.961201127549161
99.1204433331054,0.96115093022191
99.139623465926,0.961100172564518
99.189544831446,0.960967956544207
99.439151659046,0.960825869313977
99.5249713266199,0.96081925321848
99.6107909941937,0.960783883953434
99.6966106617676,0.960605057847326
99.7500132678705,0.960624107097336
99.8034158739734,0.960659986979898
99.8770221962472,0.960866974153074
99.9297074847784,0.961044590828948
99.9831713420284,0.961248170411585
100.036635199278,0.961097228909812
100.090099056528,0.960781334296554
100.130181535968,0.960672225201629
100.170264015407,0.960605760998278
100.210346494846,0.960576754841663
100.250428974285,0.960656872337154
100.305716675192,0.960762158269411
100.410420605922,0.960860118763483
100.515124536652,0.960745874049836
100.560008710964,0.960483680429551
100.604892885275,0.960282142733754
100.619835734153,0.960381826934947
100.63477858303,0.960482272852685
100.669837657368,0.960717930607862
100.702323388242,0.960913943862254
100.721511233108,0.960858173232305
100.740699077974,0.960801685202165
100.786243696454,0.960667472435056
100.823594787105,0.960763650479354
100.860945877757,0.960982011827948
100.898296968408,0.961200072659234
100.911706630062,0.961152337616842
100.925116291716,0.961084754295137
100.944745536385,0.960985954430275
100.996774072052,0.960723992479716
101.028205019524,0.960709056370654
101.059635966996,0.960711142969458
101.107939899138,0.960703029294728
101.177122295901,0.960608383249682
101.246304692665,0.960686987211424
101.330275163467,0.960753937389295
101.392904587001,0.960626149915876
101.455534010534,0.960371048960971
101.504697216089,0.960203048142747
101.521949168186,0.960295216703975
101.539201120284,0.960388004350296
101.581915396005,0.960617745205907
101.657746511707,0.960745278538929
101.73357762741,0.960832271755211
101.876174892239,0.960960260583241
101.977388750045,0.960635377123239
102.033098298104,0.960582575599622
102.088807846164,0.960654876599927
102.144517394223,0.960675276487055
102.200226942282,0.960682036566874
102.261827090736,0.960575143186534
102.323427239189,0.960551035867467
102.369293534858,0.960634805841908
102.397985020893,0.960687133317818
102.41558685444,0.960577167405144
102.433188687988,0.960447585925813
102.458929299925,0.960258112024694
102.568078988803,0.960708028823593
102.611048368097,0.961059675270847
102.654017747391,0.961046583859915
102.696987126685,0.961033368456972
102.729758093655,0.96087510979101
102.762529060626,0.960701203843945
102.814067875694,0.960508027103568
102.852676899082,0.960525397716742
102.907882945128,0.96054607873888
103.020980067737,0.960575001488472
103.095694810771,0.960706390553175
103.170409553805,0.960706429285985
103.22592011522,0.960628479013462
103.281430676634,0.960467369749018
103.336941238049,0.960358614458833
103.3875031389,0.960283705876036
103.43806503975,0.960474858715507
103.475826002487,0.960683663205
103.513586965223,0.960794185174258
103.540043354929,0.960747222321812
103.566499744635,0.960700437308072
103.668230158504,0.960659899799677
103.749671461555,0.96052913674893
103.800873832042,0.960389854022836
103.820024048409,0.9604496880723
103.839174264776,0.960510071749642
103.888716926246,0.960666342614238
103.93254215065,0.960597648360831
103.976367375055,0.960456084485577
104.020192599459,0.960426055756645
104.05322250441,0.960503348711779
104.086252409361,0.960580417569694
104.133213288288,0.960398398755239
104.180174167215,0.960093856324977
104.227135046141,0.96018983331125
104.251807606116,0.960396233849958
104.27648016609,0.960602107516297
104.344753094752,0.960848251630532
104.387107798419,0.960894544794518
104.429462502086,0.960809320709892
104.471817205753,0.960665580671701
104.51417190942,0.960539913583698
104.566085643277,0.960430410448352
104.65809993696,0.960467699142255
104.741357970679,0.960543958416532
104.824616004398,0.960518758967638
104.907874038117,0.960479430963758
104.980152203597,0.960375588162467
105.052430369078,0.960457923231936
105.124708534559,0.960566503435049
105.196131838909,0.960587743222846
105.242462162709,0.960478180335259
105.288792486509,0.960357078530165
105.338211673063,0.960389078486478
105.387630859616,0.960469087385228
105.43705004617,0.960502172644239
105.503894440088,0.960515653795569
105.570738834005,0.960369905173496
105.618158293713,0.960299672338445
105.665577753421,0.960283764735695
105.703788594754,0.960290024833706
105.741999436087,0.960471547674783
105.769618752182,0.960602900192486
105.859148420879,0.960506934449189
105.948678089576,0.960511536997255
106.057157586575,0.960552144915331
106.124077507578,0.960426212582508
106.190997428581,0.960374336914708
106.272607104329,0.960323652496562
106.354308708667,0.960394697693541
106.402593548673,0.96045588845284
106.421739064482,0.960361592816253
106.440884580291,0.960266751633636
106.491171939474,0.960017455680923
106.518297116966,0.960144360223607
106.545422294457,0.960400277593578
106.572547471949,0.960655765293064
106.654793267316,0.960651370176103
106.717125765934,0.960416735900197
106.764086062265,0.960374039184563
106.841525710463,0.960360168011327
106.93502875184,0.960375116572921
107.117576916347,0.960321029743484
107.184003344215,0.960397263753564
107.250429772083,0.960376258440772
107.316856199952,0.960363681507955
107.38328262782,0.960468406978711
107.470325206863,0.960425663219701
107.537113350868,0.960368733250526
107.62609200784,0.960350935578023
107.715070664813,0.960414248540681
107.804049321785,0.96030856737249
107.851474889297,0.960365949816826
107.898900456808,0.960423459895003
107.937346020076,0.960337972247561
107.975791583343,0.960248256382411
108.060565453669,0.96022366785214
108.145339323994,0.960098130118525
108.196335079072,0.959932445166718
108.223766248088,0.960024054199594
108.251197417105,0.960144531165548
108.286994335001,0.960301655205302
108.298858849299,0.960353714107493
108.305537485029,0.96020603417841
108.312216120759,0.960016637585602
108.318894756489,0.959827679754267
108.33853015138,0.959271650398292
108.368323874854,0.958426624435541
108.398117598328,0.957580043798069
108.405136525295,0.957213222824154
108.412155452263,0.956778442722965
108.41917437923,0.956343945906479
108.437816727572,0.955187887649558
108.465962929761,0.953436783334064
108.494109131949,0.951678874743372
108.500968118002,0.951300929142711
108.505319640557,0.95126866111965
108.509671163112,0.95124010441459
108.516383841746,0.951195606179674
108.537039541427,0.951058631789209
108.625114488955,0.950558031747137
108.69030278569,0.950349196032307
108.739410180545,0.950400386266939
108.788517575401,0.950503903061647
108.837624970256,0.950567655712082
108.905560917419,0.95063524104101
109.001501766451,0.950674168145241
109.097442615483,0.950730316656428
109.233416743291,0.950822290711051
109.331848854748,0.950849332439359
109.404441599314,0.950967080952613
109.484077753186,0.950977124861167
109.563713907059,0.951107670545212
109.643350060931,0.951189076577368
109.768282065529,0.951190119443137
109.893214070127,0.951312658507894
109.974237615352,0.951367077872325
110.055261160577,0.951551062308625
110.136284705802,0.95166610966647
110.199383015199,0.951627641559151
110.262481324596,0.951563152104626
110.339413834439,0.951564211612707
110.416346344282,0.95164919068949
110.493278854126,0.9517606203427
110.565000885349,0.951938111074909
110.636722916573,0.951945566641988
110.691874938378,0.951819775181372
110.747026960184,0.951814094497023
110.802178981989,0.951831707082859
110.877869867605,0.951930731972023
110.95356075322,0.951975030702639
111.061586583304,0.951996687074539
111.195199967215,0.952071252247313
111.243336511803,0.952226402946085
111.291473056392,0.952395085912261
111.344125174675,0.952447373973888
111.396777292959,0.952473723953404
111.44173995993,0.952627604576008
111.486702626901,0.952791890955412
111.495121871784,0.952822653999643
111.499605410619,0.95283903359517
111.501404242687,0.952934253146371
111.503203074755,0.953066708442603
111.505001906824,0.953197442438493
111.508536769601,0.953454694725552
111.519084765289,0.95422145407569
111.564241087485,0.957489283576173
111.583045356551,0.958843203409117
111.601849625618,0.960111554701998
111.60623681739,0.960232269600712
111.610624009162,0.960349304729637
111.617538541237,0.96053406605454
111.637163719593,0.961058201890069
111.672327977292,0.961995787772869
111.693049102424,0.96254738577109
111.713770227557,0.96279288201379
111.73449135269,0.962879230022471
111.750467674205,0.962946192939602
111.796815236768,0.963140442461636
112.028553049584,0.963419785539239
112.053779530577,0.963251479635473
112.079006011571,0.963082671329518
112.126630404225,0.963083839967923
112.157669664549,0.963251293848705
112.188708924872,0.963418314350497
112.226178590343,0.963321749937672
112.263648255814,0.96309424961597
112.301117921285,0.962876756217904
112.317318852005,0.962922516078595
112.333519782724,0.96296909954614
112.37135143627,0.963077898651986
112.546621701008,0.963141296224029
112.605498767575,0.962986306941113
112.643484729508,0.96273135153979
112.68147069144,0.962475981072398
112.798608127176,0.961605660755221
112.810532688971,0.961641696973064
112.822457250766,0.961696094298415
112.840209332636,0.961776887748713
112.907877380787,0.962008692373318
112.926674386394,0.961912331298349
112.945471392002,0.961815379972188
112.993909330362,0.961565394156373
113.031827512377,0.961579755586607
113.069745694391,0.961635243188574
113.107663876406,0.96167584913088
113.157326849333,0.961651475186944
113.206989822261,0.961633087439858
113.296526067182,0.961667305386291
113.386062312102,0.961698433681128
113.500816259618,0.9616493780187
113.53556595558,0.961741952658002
113.570315651541,0.961834789425412
113.644115839743,0.961783690371061
113.717916027946,0.961611335449888
113.791716216148,0.961587635935997
113.865516404351,0.961645367670178
113.939316592553,0.961607842689371
114.013116780756,0.961501485889251
114.086916968958,0.961510090410972
114.160717157161,0.961504233418893
114.287918459677,0.961844012843377
114.319487280053,0.961806196805512
114.35105610043,0.961666010856116
114.382624920806,0.961525985789616
114.437490937907,0.961511771796474
114.492356955009,0.961604993794111
114.54722297211,0.96155352957921
114.589848383654,0.961495041655485
114.655019646903,0.961597965249383
114.701784740688,0.96168701189148
114.728843562137,0.961583620091963
114.755902383586,0.961479698274099
114.798219268672,0.961317065866533
114.823680759704,0.961360392932215
114.849142250735,0.961414992956419
114.892776654754,0.961508634329138
114.980689152169,0.961650945733551
115.038491681148,0.961554211010261
115.096294210126,0.961362276819017
115.129732182073,0.961407730957099
115.16317015402,0.961473355058385
115.212089736554,0.961527081844225
115.261009319088,0.961450870848062
115.319860739895,0.961396316768433
115.378712160703,0.961415499619338
115.4379454607,0.961235658731429
115.497178760697,0.960942836489795
115.512758465182,0.961018325030149
115.528338169666,0.96112941383801
115.547657053259,0.961266937660343
115.587457701473,0.961550117023712
115.627258349686,0.961549446571529
115.667058997899,0.961416048078384
115.706859646113,0.961337466309126
115.746660294326,0.961523941694607
115.775146385931,0.961657549750242
115.833489682437,0.961677184858726
115.891832978943,0.961506219352236
115.933661350638,0.961460056914916
115.975489722333,0.961432777744287
116.03956988672,0.961380501209229
116.152936920605,0.96136423312461
116.266303954489,0.961264737759097
116.379670988374,0.961184876095594
116.460348624421,0.961226205970194
116.59469245205,0.961423221898468
116.845803340594,0.961219743383708
116.918016743539,0.961175610699766
116.990230146485,0.961259952235918
117.080846097381,0.961200184408461
117.145762872067,0.961157727985013
117.241728503387,0.961067111193643
117.297243582353,0.960986550906431
117.329230094122,0.961094651620862
117.361216605891,0.961217920920081
117.411984977572,0.961351549062448
117.462753349254,0.961282855880414
117.513521720935,0.961300023613943
117.550839454511,0.961488288366037
117.598661891726,0.961729471204131
117.613504978958,0.961652128423167
117.62834806619,0.961558228273694
117.650751584404,0.961416574631987
117.702988760938,0.961105367471379
117.723033200507,0.961108773011819
117.743077640076,0.961112582872437
117.796512091713,0.961122807912752
117.902340249082,0.961092094020012
117.974131457687,0.961144339212602
118.045922666292,0.961000310458572
118.179744684825,0.961158286201869
118.229372616886,0.961195116179982
118.279000548947,0.961104597321665
118.328628481008,0.961239564553747
118.37825641307,0.961541807768201
118.398524006884,0.961665114859545
118.410792968152,0.961592188327868
118.42306192942,0.961497152658312
118.440300749026,0.96136377229914
118.504041837092,0.960917247032933
118.515271958451,0.960960586115519
118.52650207981,0.961004881317901
118.552090873217,0.96110582131424
118.595248854889,0.961275949579476
118.622249191692,0.961236288124142
118.649249528494,0.961164435358055
118.683759932956,0.961072658771896
118.753961820584,0.96104931218573
118.824163708211,0.960998787161805
118.894365595839,0.960800549082967
118.937314878908,0.960823288744836
118.980264161977,0.960868272384168
119.041686637263,0.961040131195794
119.123374719531,0.961279876653994
119.205062801798,0.961358990145756
119.24469903586,0.96127061118901
119.284335269923,0.961181987798381
119.410615589053,0.961025284994223
119.508768670713,0.960913384397106
119.567140211383,0.961005650494483
119.625511752054,0.961031604137118
119.683883292725,0.960970973612557
119.742254833396,0.960865562477769
119.826422770655,0.960785946463168
119.888415890088,0.960885099798856
119.9,0.960903619220536
