time_s,power_W
0.000,347.489
0.100,342.681
0.200,346.463
0.300,347.221
0.400,350.566
0.500,350.208
0.600,349.382
0.700,352.202
0.800,347.601
0.900,350.828
1.000,347.926
1.100,349.441
1.200,360.480
1.300,335.245
1.442,326.613
1.500,322.198
1.600,320.635
1.700,321.103
1.800,323.429
1.900,326.520
2.000,338.802
2.100,320.602
2.200,326.339
2.300,330.595
2.400,346.562
2.500,363.302
2.600,389.815
2.700,382.206
2.800,384.710
2.900,380.827
3.000,361.277
3.100,356.768
3.200,372.316
3.300,369.012
3.400,390.101
3.500,372.281
3.600,373.403
3.700,373.822
3.800,422.502
3.900,435.575
4.000,433.587
4.100,432.810
4.200,434.687
4.300,431.899
4.400,433.882
4.500,432.736
4.600,436.592
4.700,423.040
4.800,416.479
4.900,419.603
5.000,413.927
5.100,407.817
5.200,408.474
5.300,408.293
5.400,407.008
5.500,408.978
5.600,410.849
5.700,407.980
5.800,409.352
5.900,407.536
6.000,409.821
6.100,410.354
6.200,407.883
6.300,408.016
6.400,408.195
6.500,409.894
6.600,407.566
6.700,409.532
6.800,410.542
6.900,408.124
7.000,407.598
7.100,411.480
7.200,407.160
7.300,407.506
7.400,412.138
7.500,406.378
7.600,410.922
7.700,409.970
7.800,407.882
7.900,409.192
8.000,408.398
8.100,407.478
8.200,408.907
8.300,406.370
8.400,404.744
8.500,415.619
8.600,408.210
8.700,408.835
8.800,405.296
8.900,415.746
9.000,407.204
9.100,409.643
9.200,407.804
9.300,407.691
9.400,409.745
9.500,408.330
9.600,407.032
9.700,409.644
9.800,410.435
9.900,403.803
10.000,410.346
10.100,410.685
10.200,411.661
10.300,405.735
10.400,411.053
10.500,408.429
10.600,411.027
10.700,408.632
10.800,408.076
10.900,408.729
11.000,406.278
11.100,411.374
11.200,406.312
11.300,408.435
11.400,409.597
11.500,409.814
11.600,404.800
11.700,412.581
11.800,407.547
11.900,411.432
12.000,408.594
12.100,410.985
12.200,408.775
12.300,408.934
12.400,406.745
12.500,405.414
12.600,409.467
12.700,408.197
12.800,408.280
12.900,412.669
13.000,403.464
13.100,406.727
13.200,415.655
13.300,409.702
13.400,396.503
13.500,422.420
13.600,410.423
13.700,407.188
13.800,410.207
13.900,405.636
14.000,410.158
14.100,406.924
14.200,408.911
14.300,408.035
14.400,412.005
14.500,403.754
14.600,412.845
14.700,404.462
14.800,415.565
14.900,402.739
15.000,416.228
15.100,406.324
15.200,409.216
15.300,407.551
15.400,408.331
15.500,408.947
15.600,407.696
15.700,407.437
15.800,411.914
15.900,404.175
16.000,411.316
16.100,412.585
16.200,405.753
16.300,409.773
16.400,412.710
16.500,405.743
16.600,409.421
16.700,408.690
16.800,409.292
16.900,406.381
17.000,409.240
17.100,408.525
17.200,410.314
17.300,402.564
17.400,413.164
17.500,412.726
17.600,400.395
17.700,416.273
17.800,405.957
17.900,411.914
18.000,409.593
18.100,406.832
18.200,410.006
18.300,408.028
18.400,410.037
18.500,406.041
18.600,410.033
18.700,407.307
18.800,410.476
18.900,407.423
19.000,410.656
19.100,406.085
19.200,411.508
19.300,410.188
19.400,408.616
19.500,408.697
19.600,407.346
19.700,406.308
19.800,398.946
19.900,372.954
20.000,352.318
20.100,351.552
20.200,350.564
20.300,346.767
20.400,351.643
20.500,349.024
20.600,350.390
20.700,348.022
20.800,351.135
20.900,350.268
21.000,352.140
21.100,349.239
21.200,351.992
21.300,352.680
21.400,348.429
21.500,352.633
21.600,347.144
21.700,351.526
21.800,350.749
21.900,350.331
22.000,349.713
22.100,349.726
22.200,348.337
22.300,350.519
22.400,350.418
22.500,350.190
22.600,350.951
22.700,349.491
22.800,350.198
22.900,348.016
23.000,362.204
23.100,439.049
23.200,442.671
23.300,439.171
23.400,443.540
23.500,437.498
23.600,442.662
23.700,436.707
23.800,444.358
23.900,437.449
24.000,419.633
24.100,421.856
24.200,434.992
24.300,443.223
24.400,429.186
24.500,433.680
24.600,423.870
24.700,437.027
24.800,420.033
24.900,423.535
25.000,411.445
25.100,411.994
25.200,406.937
25.300,406.101
25.400,404.574
25.500,416.058
25.600,407.504
25.700,411.444
25.800,408.908
25.900,407.603
26.000,406.154
26.100,409.617
26.200,409.856
26.300,409.035
26.400,406.579
26.500,408.012
26.600,411.343
26.700,408.738
26.800,408.264
26.900,407.182
27.000,415.378
27.100,407.474
27.200,407.057
27.300,410.750
27.400,406.741
27.500,407.568
27.600,410.662
27.700,407.965
27.800,408.339
27.900,407.522
28.000,407.364
28.100,413.325
28.200,407.726
28.300,410.714
28.400,408.382
28.500,406.952
28.600,408.950
28.700,409.612
28.800,410.082
28.900,408.467
29.000,406.583
29.100,406.990
29.200,407.775
29.300,410.536
29.400,404.770
29.500,416.108
29.600,411.070
29.700,407.069
29.800,410.310
29.900,406.267
30.000,408.550
30.100,409.285
30.200,408.473
30.300,405.969
30.400,410.309
30.500,404.945
30.600,407.940
30.700,413.505
30.800,408.403
30.900,412.484
31.000,408.505
31.100,408.920
31.200,407.802
31.300,406.744
31.400,410.795
31.500,407.193
31.600,407.859
31.700,410.488
31.800,404.938
31.900,411.081
32.000,403.203
32.100,417.454
32.200,410.780
32.300,410.448
32.400,407.321
32.500,408.508
32.600,406.465
32.700,407.240
32.800,411.378
32.900,406.658
33.000,408.430
33.100,408.979
33.200,408.439
33.300,404.883
33.400,414.929
33.500,407.685
33.600,409.931
33.700,411.794
33.800,408.403
33.900,408.472
34.000,408.501
34.100,407.599
34.200,406.703
34.300,409.492
34.400,406.949
34.500,407.772
34.600,409.633
34.700,410.168
34.800,408.139
34.900,414.143
35.000,408.874
35.100,408.089
35.200,407.386
35.300,408.067
35.400,410.650
35.500,405.002
35.600,408.731
35.700,410.543
35.800,408.821
35.900,409.767
36.000,407.774
36.100,411.393
36.200,406.714
36.300,412.975
36.400,406.837
36.500,408.468
36.600,407.005
36.700,409.048
36.800,409.805
36.900,407.384
37.000,409.100
37.100,408.685
37.200,411.604
37.300,404.227
37.400,410.919
37.500,408.193
37.600,411.735
37.700,410.278
37.800,407.383
37.900,408.402
38.000,405.355
38.100,412.938
38.200,404.699
38.300,409.311
38.400,409.009
38.500,408.890
38.600,407.535
38.700,409.310
38.800,412.806
38.900,411.099
39.000,406.082
39.100,408.751
39.200,410.447
39.300,407.588
39.400,406.722
39.500,411.269
39.600,404.331
39.700,409.576
39.800,410.228
39.900,410.075
40.000,405.462
40.100,415.547
40.200,407.959
40.300,408.361
40.400,408.589
40.500,407.495
40.600,409.249
40.700,405.921
40.800,410.600
40.900,406.772
41.000,407.163
41.100,413.722
41.200,409.946
41.300,410.610
41.400,409.117
41.500,405.608
41.600,411.509
41.700,405.383
41.800,411.029
41.900,407.251
42.000,407.278
42.100,407.451
42.200,408.806
42.300,405.598
42.400,390.561
42.500,355.718
42.600,351.318
42.700,348.075
42.800,349.420
42.900,350.533
43.000,346.601
43.100,351.595
43.200,351.290
43.300,353.349
43.400,348.305
43.500,349.921
43.600,349.298
43.700,350.234
43.800,345.922
43.900,349.644
44.000,350.554
44.100,348.184
44.200,350.112
44.300,346.313
44.400,350.696
44.500,352.668
44.600,350.654
44.700,346.786
44.800,350.132
44.900,349.840
45.000,349.186
45.100,347.934
45.200,347.761
45.300,349.953
45.400,346.475
45.500,349.410
45.600,388.934
45.700,421.218
45.800,421.051
45.900,432.372
46.000,429.463
46.100,436.400
46.200,440.085
46.300,437.962
46.400,440.089
46.500,423.527
46.600,437.299
46.700,445.456
46.800,432.215
46.900,438.477
47.000,430.484
47.100,422.754
47.200,421.014
47.300,422.548
47.400,418.297
47.500,410.148
47.600,418.216
47.700,407.398
47.800,405.222
47.900,408.424
48.000,415.079
48.100,407.685
48.200,407.469
48.300,406.255
48.400,409.002
48.500,410.435
48.600,407.713
48.700,406.775
48.800,407.383
48.900,411.162
49.000,407.677
49.100,405.215
49.200,415.525
49.300,410.007
49.400,410.279
49.500,406.264
49.600,407.732
49.700,409.658
49.800,407.375
49.900,408.711
50.000,407.370
50.100,409.119
50.200,407.952
50.300,410.760
50.400,406.942
50.500,415.355
50.600,408.828
50.700,409.129
50.800,407.212
50.900,407.848
51.000,409.446
51.100,408.300
51.200,406.920
51.300,408.652
51.400,407.085
51.500,408.673
51.600,410.012
51.700,409.119
51.800,411.436
51.900,410.696
52.000,406.549
52.100,407.826
52.200,410.582
52.300,406.003
52.400,410.644
52.500,407.635
52.600,410.302
52.700,407.389
52.800,407.798
52.900,411.847
53.000,410.369
53.100,410.748
53.200,405.530
53.300,408.070
53.400,410.249
53.500,407.843
53.600,407.767
53.700,408.193
53.800,409.737
53.900,406.233
54.000,409.072
54.100,406.896
54.200,418.666
54.300,406.443
54.400,404.323
54.500,410.530
54.600,410.482
54.700,407.500
54.800,408.808
54.900,405.857
55.000,408.171
55.100,412.244
55.200,407.243
55.300,410.277
55.400,411.845
55.500,408.241
55.600,408.407
55.700,408.629
55.800,406.679
55.900,409.486
56.000,407.863
56.100,409.625
56.200,408.871
56.300,405.272
56.400,408.638
56.500,410.811
56.600,413.144
56.700,409.613
56.800,407.751
56.900,407.352
57.000,408.934
57.100,406.443
57.200,410.288
57.300,409.464
57.400,407.411
57.500,404.637
57.600,413.982
57.700,403.058
57.800,413.011
57.900,413.681
58.000,409.688
58.100,403.694
58.200,411.056
58.300,408.627
58.400,410.339
58.500,403.250
58.600,409.273
58.700,409.437
58.800,411.406
58.900,401.650
59.000,417.155
59.100,410.782
59.200,407.200
59.300,410.461
59.400,408.601
59.500,404.552
59.600,411.712
59.700,406.499
59.800,407.309
59.900,408.962
60.000,409.709
60.100,409.626
60.200,405.087
60.300,417.429
60.400,408.320
60.500,408.613
60.600,405.289
60.700,409.422
60.800,409.711
60.900,408.134
61.000,402.347
61.100,412.737
61.200,410.607
61.300,405.632
61.400,409.880
61.513,414.310
61.600,408.057
61.700,409.525
61.800,406.334
61.900,409.329
62.000,405.885
62.100,408.405
62.200,411.133
62.300,405.108
62.400,411.651
62.500,405.938
62.600,412.736
62.700,408.082
62.800,411.106
62.900,408.423
63.000,408.745
63.100,409.354
63.200,407.827
63.300,406.852
63.400,406.217
63.500,410.573
63.600,406.460
63.700,412.700
63.800,405.198
63.900,416.351
64.000,406.819
64.100,409.520
64.200,406.758
64.300,407.866
64.400,408.745
64.500,410.589
64.600,406.557
64.700,407.827
64.800,398.526
64.900,371.077
65.000,349.891
65.100,349.839
65.200,351.231
65.300,350.358
65.400,350.510
65.500,350.754
65.600,348.792
65.700,348.422
65.800,349.811
65.900,349.739
66.000,352.241
66.100,350.381
66.200,352.227
66.300,349.773
66.400,349.104
66.500,351.446
66.600,353.198
66.700,350.546
66.800,350.394
66.900,350.791
67.000,349.133
67.100,350.380
67.200,352.305
67.300,348.741
67.400,350.098
67.500,349.509
67.600,351.626
67.700,351.775
67.800,348.910
67.900,349.462
68.000,364.982
68.100,426.891
68.200,426.577
68.300,426.374
68.400,426.936
68.500,428.855
68.600,436.762
68.700,437.696
68.800,434.758
68.900,450.523
69.000,441.159
69.100,417.405
69.200,426.678
69.300,416.404
69.400,406.396
69.500,407.973
69.600,408.385
69.700,404.962
69.800,408.889
69.900,409.691
70.000,413.136
70.100,404.846
70.200,414.384
70.300,408.116
70.400,407.865
70.500,407.790
70.600,408.227
70.700,405.487
70.800,407.707
70.900,410.449
71.000,410.262
71.100,404.647
71.200,410.835
71.300,412.921
71.400,411.635
71.500,406.087
71.600,410.222
71.700,408.752
71.800,408.198
71.900,408.463
72.000,407.350
72.100,406.593
72.200,411.687
72.300,406.980
72.400,409.843
72.500,410.682
72.600,409.648
72.700,409.108
72.800,408.745
72.900,404.969
73.000,410.729
73.100,408.869
73.200,408.224
73.300,406.281
73.400,411.071
73.500,407.294
73.600,402.560
73.700,419.426
73.800,408.754
73.900,410.375
74.000,407.004
74.100,407.580
74.200,407.318
74.300,413.430
74.400,406.547
74.500,407.075
74.600,404.785
74.700,413.613
74.800,409.694
74.900,413.439
75.000,405.170
75.100,407.481
75.200,410.065
75.300,409.693
75.400,406.032
75.500,407.557
75.600,409.191
75.700,406.775
75.800,410.840
75.900,407.821
76.000,415.682
76.100,405.557
76.200,409.794
76.300,406.902
76.400,410.145
76.500,409.217
76.600,408.649
76.700,403.020
76.800,413.252
76.900,405.596
77.000,414.101
77.100,411.001
77.200,408.965
77.300,406.959
77.400,407.220
77.500,407.668
77.600,409.111
77.700,409.185
77.800,406.087
77.900,411.003
78.000,409.686
78.100,406.952
78.200,416.692
78.300,407.571
78.400,406.649
78.500,408.575
78.600,405.509
78.700,410.640
78.800,408.151
78.900,407.642
79.000,408.763
79.100,408.111
79.200,410.852
79.300,403.464
79.400,415.807
79.500,411.787
79.600,405.877
79.700,407.478
79.800,409.106
79.900,406.343
80.000,410.004
80.100,407.593
80.200,409.984
80.300,408.603
80.400,410.836
80.500,410.527
80.600,408.772
80.700,409.930
80.800,407.084
80.900,409.239
81.000,405.644
81.100,411.521
81.200,406.925
81.300,406.712
81.400,408.483
81.500,409.090
81.600,409.714
81.700,412.779
81.800,409.484
81.900,408.614
82.000,408.627
82.100,406.131
82.200,409.972
82.300,406.460
82.400,408.027
82.500,410.004
82.600,409.110
82.700,406.841
82.800,410.879
82.900,412.962
83.000,407.711
83.100,411.043
83.200,405.736
83.300,409.555
83.400,408.436
83.500,407.811
83.600,408.521
83.700,405.838
83.800,404.881
83.900,416.036
84.000,411.750
84.100,408.295
84.200,407.408
84.300,409.530
84.400,408.526
84.500,406.402
84.600,408.176
84.700,407.266
84.800,409.354
84.900,410.078
85.000,404.714
85.100,415.981
85.200,408.487
85.300,409.172
85.400,409.302
85.500,409.005
85.600,404.484
85.700,411.517
85.800,404.461
85.900,411.764
86.000,405.942
86.100,413.936
86.200,411.840
86.300,407.694
86.400,406.893
86.500,408.198
86.600,409.096
86.700,411.060
86.800,406.823
86.900,403.956
87.000,412.174
87.100,404.775
87.200,412.556
87.300,409.122
87.400,398.416
87.500,375.295
87.600,349.905
87.700,352.047
87.800,350.296
87.900,349.827
88.000,350.707
88.100,350.053
88.200,348.194
88.300,351.247
88.400,352.163
88.500,350.259
88.600,351.029
88.700,352.235
88.800,350.974
88.900,348.411
89.000,351.067
89.100,349.986
89.200,350.321
89.300,348.880
89.400,348.303
89.500,354.561
89.600,349.603
89.700,349.369
89.800,354.237
89.900,346.985
90.000,352.306
90.100,350.138
90.200,349.631
90.300,349.651
90.400,353.038
90.500,350.919
90.600,356.733
90.700,392.438
90.800,416.518
90.900,430.124
91.000,431.719
91.100,434.607
91.200,436.338
91.300,439.019
91.400,442.151
91.500,439.225
91.600,427.664
91.700,406.096
91.800,404.863
91.900,410.641
92.000,407.260
92.100,407.326
92.200,406.939
92.300,409.438
92.400,408.319
92.500,410.550
92.600,409.947
92.700,411.232
92.800,408.508
92.900,407.957
93.000,407.711
93.100,406.995
93.200,410.139
93.300,406.399
93.400,407.495
93.500,411.805
93.600,411.524
93.700,404.939
93.800,412.751
93.900,409.917
94.000,406.814
94.100,408.819
94.200,409.119
94.300,405.984
94.400,410.905
94.500,406.806
94.600,406.440
94.700,408.704
94.800,411.130
94.900,413.307
95.000,407.971
95.100,407.091
95.200,410.234
95.300,405.087
95.400,410.098
95.500,408.947
95.600,409.332
95.700,407.307
95.800,409.917
95.900,411.378
96.000,410.340
96.100,406.194
96.200,407.986
96.300,411.204
96.400,408.023
96.500,406.794
96.600,409.584
96.700,407.601
96.800,408.775
96.900,410.865
97.000,410.828
97.100,406.965
97.200,409.852
97.300,408.883
97.400,405.890
97.500,407.223
97.600,411.411
97.700,407.303
97.800,409.570
97.900,412.601
98.000,410.437
98.100,407.538
98.200,407.444
98.300,408.162
98.400,409.786
98.500,406.522
98.600,407.398
98.700,408.173
98.800,410.778
98.900,409.008
99.000,412.545
99.100,409.874
99.200,407.377
99.300,408.758
99.400,408.542
99.500,409.124
99.600,405.081
99.700,407.441
99.800,410.126
99.900,410.410
100.000,409.105
100.100,410.997
100.200,409.617
100.300,406.056
100.400,408.948
100.500,410.185
100.600,404.781
100.700,410.498
100.800,407.927
100.900,408.942
101.000,407.872
101.100,414.229
101.200,410.326
101.300,408.948
101.400,406.029
101.500,407.038
101.600,410.359
101.700,407.718
101.800,404.812
101.900,409.803
102.000,408.380
102.100,410.262
102.200,414.424
102.300,409.002
102.400,406.686
102.500,409.699
102.600,407.630
102.700,406.478
102.800,409.551
102.900,406.443
103.000,412.851
103.100,403.693
103.200,413.404
103.300,412.136
103.400,407.363
103.500,408.504
103.600,406.092
103.700,407.351
103.800,411.099
103.900,405.919
104.000,408.985
104.100,411.229
104.200,408.874
104.300,413.872
104.400,406.389
104.500,409.159
104.600,408.117
104.700,407.947
104.800,408.311
104.900,405.223
105.000,407.935
105.100,409.989
105.200,408.957
105.300,415.753
105.400,407.093
105.500,404.856
105.600,409.768
105.700,411.157
105.800,406.941
105.900,405.869
106.000,409.295
106.100,403.036
106.200,412.117
106.300,417.999
106.400,406.551
106.500,408.316
106.600,408.344
106.700,408.318
106.800,407.835
106.900,405.114
107.000,411.156
107.100,412.139
107.200,409.502
107.300,408.286
107.400,411.050
107.500,409.017
107.600,405.590
107.700,410.677
107.800,407.684
107.900,402.138
108.000,413.060
108.100,404.387
108.200,414.495
108.300,410.627
108.400,410.642
108.500,408.289
108.600,408.678
108.700,409.492
108.800,404.306
108.900,409.487
109.000,408.516
109.100,403.714
109.200,407.540
109.300,422.151
109.400,406.482
109.500,407.523
109.600,407.618
109.700,409.634
109.800,407.135
109.900,407.696
110.000,408.120
110.100,398.421
110.200,372.521
110.300,347.073
110.400,353.307
110.500,349.793
110.600,350.711
110.700,349.697
110.800,353.563
110.900,347.505
111.000,350.214
111.100,351.965
111.200,348.184
111.300,350.225
111.400,352.385
111.500,350.680
111.600,350.401
111.700,352.259
111.800,352.048
111.900,349.680
112.000,350.918
112.100,351.185
112.200,350.402
112.300,350.108
112.400,348.773
112.500,353.160
112.600,348.940
112.700,351.040
112.800,352.097
112.900,349.428
113.000,352.358
113.100,349.895
113.200,350.069
113.300,361.885
113.400,431.431
113.500,426.435
113.600,431.267
113.700,433.381
113.800,433.028
113.900,437.228
114.000,435.526
114.100,440.525
114.200,444.848
114.300,406.052
114.400,439.077
114.500,435.506
114.600,430.692
114.700,415.877
114.800,420.602
114.900,419.234
115.000,422.323
115.100,410.769
115.200,406.103
115.300,410.889
115.400,408.891
115.500,408.480
115.600,407.413
115.700,407.246
115.800,410.364
115.900,406.432
116.000,408.422
116.100,408.544
116.200,408.144
116.300,407.223
116.400,414.488
116.500,410.177
116.600,407.829
116.700,408.923
116.800,407.463
116.900,410.511
117.000,404.581
117.100,409.020
117.200,409.453
117.300,406.312
117.400,416.596
117.500,409.298
117.600,404.320
117.700,408.086
117.800,409.786
117.900,407.636
118.000,408.183
118.100,408.400
118.200,410.433
118.300,412.869
118.400,408.443
118.500,409.867
118.600,407.734
118.700,406.562
118.800,409.918
118.900,406.828
119.000,406.147
119.100,409.941
119.200,412.421
119.300,408.264
119.400,411.126
119.500,408.954
119.600,405.391
119.700,411.749
119.800,407.439
119.900,407.957
120.000,407.053
120.100,406.354
120.200,415.166
120.300,412.967
