time_s,power_W
0.000,194.532
0.100,192.877
0.200,195.167
0.300,196.765
0.400,195.426
0.500,200.595
0.600,214.728
0.700,301.334
0.800,328.027
0.900,325.827
1.000,324.268
1.100,325.746
1.200,327.293
1.300,311.714
1.400,281.583
1.500,287.904
1.600,280.816
1.700,321.399
1.800,333.264
1.900,350.356
2.000,347.379
2.100,351.537
2.200,319.602
2.300,325.602
2.400,372.133
2.500,372.733
2.600,326.964
2.700,339.089
2.800,329.752
2.900,309.221
3.000,371.356
3.100,393.507
3.200,333.963
3.300,336.637
3.400,439.097
3.500,442.656
3.600,439.113
3.700,440.055
3.800,439.412
3.900,439.203
4.000,436.444
4.100,442.280
4.200,440.652
4.300,440.449
4.400,439.600
4.500,439.460
4.600,425.472
4.700,412.750
4.800,408.543
4.900,408.062
5.000,408.997
5.100,407.701
5.200,410.333
5.300,404.740
5.400,411.795
5.500,408.439
5.600,405.446
5.700,403.114
5.800,412.850
5.900,416.365
6.000,410.742
6.100,408.748
6.200,407.925
6.300,409.318
6.400,407.286
6.500,408.403
6.600,411.087
6.700,407.805
6.800,406.737
6.900,405.098
7.000,406.958
7.100,417.503
7.200,408.204
7.300,408.128
7.400,408.478
7.500,408.060
7.600,409.478
7.700,409.051
7.800,408.149
7.900,409.722
8.000,406.499
8.100,405.794
8.200,408.487
8.300,412.637
8.400,411.245
8.500,410.691
8.600,407.015
8.700,408.146
8.800,408.074
8.900,408.054
9.000,410.686
9.100,407.812
9.200,406.806
9.300,406.446
9.400,407.357
9.500,415.606
9.600,407.484
9.700,410.030
9.800,407.668
9.900,409.712
10.000,407.923
10.100,408.248
10.200,410.590
10.300,405.459
10.400,407.885
10.500,410.149
10.600,408.324
10.700,411.910
10.800,410.636
10.900,408.644
11.000,407.246
11.100,408.790
11.200,410.059
11.300,408.524
11.400,408.992
11.500,406.259
11.600,405.691
11.700,409.556
11.800,410.498
11.900,412.541
12.000,406.058
12.100,410.389
12.200,409.336
12.300,408.714
12.400,408.347
12.500,407.457
12.600,409.779
12.700,405.310
12.800,411.057
12.900,409.216
13.000,410.731
13.100,409.324
13.200,407.974
13.300,408.120
13.400,409.111
13.500,410.223
13.600,407.644
13.700,406.488
13.800,407.601
13.900,411.569
14.000,409.296
14.100,410.716
14.200,406.688
14.300,409.405
14.400,408.605
14.500,409.273
14.600,407.133
14.700,408.642
14.800,408.684
14.900,411.066
15.000,408.406
15.100,406.128
15.200,409.806
15.300,412.401
15.400,408.123
15.500,406.736
15.600,411.252
15.700,406.458
15.800,411.815
15.900,405.660
16.000,411.407
16.100,404.722
16.200,408.549
16.300,409.268
16.400,405.371
16.500,412.721
16.600,410.745
16.700,408.643
16.800,409.815
16.900,408.402
17.000,409.544
17.100,406.877
17.200,407.660
17.300,409.245
17.400,400.417
17.500,414.263
17.600,406.815
17.700,412.784
17.800,408.490
17.900,414.608
18.000,404.367
18.100,409.517
18.200,410.200
18.300,408.527
18.400,408.609
18.500,406.552
18.600,408.927
18.700,401.472
18.800,414.113
18.900,403.690
19.000,407.061
19.100,410.677
19.200,378.358
19.300,238.384
19.400,203.390
19.500,201.016
19.600,202.533
19.700,201.565
19.800,204.981
19.900,200.490
20.000,202.057
20.100,206.894
20.200,204.502
20.300,203.577
20.400,200.052
20.500,203.645
20.600,206.211
20.700,207.344
20.800,201.120
20.900,203.037
21.000,201.044
21.100,206.658
21.200,203.372
21.300,200.249
21.400,209.595
21.500,210.054
21.600,202.942
21.700,198.187
21.800,204.218
21.900,199.248
22.000,203.630
22.100,200.467
22.200,199.732
22.300,196.654
22.400,276.901
22.500,392.728
22.600,430.696
22.700,439.137
22.800,441.980
22.900,426.415
23.000,425.779
23.100,435.876
23.200,426.985
23.300,429.290
23.400,430.231
23.500,428.883
23.600,443.623
23.700,425.735
23.800,426.903
23.900,428.075
24.000,415.875
24.100,411.659
24.200,412.827
24.300,408.085
24.400,404.603
24.500,408.805
24.600,409.852
24.700,407.492
24.800,409.666
24.900,407.259
25.000,404.314
25.100,407.536
25.200,417.289
25.300,409.559
25.400,404.517
25.500,411.881
25.600,408.383
25.700,406.376
25.800,411.095
25.900,409.594
26.000,405.557
26.100,398.206
26.200,412.991
26.300,420.311
26.400,406.661
26.500,409.318
26.600,407.467
26.700,407.398
26.800,409.974
26.900,409.302
27.000,406.261
27.100,405.141
27.200,404.499
27.300,409.520
27.400,420.481
27.500,406.423
27.600,408.054
27.700,410.811
27.800,407.823
27.900,408.913
28.000,407.949
28.100,408.707
28.200,405.036
28.300,408.298
28.400,404.718
28.500,411.982
28.600,416.836
28.700,408.144
28.800,407.786
28.900,409.143
29.000,409.536
29.100,409.136
29.200,407.038
29.300,408.286
29.400,400.502
29.500,414.438
29.600,408.100
29.700,402.290
29.800,422.065
29.900,406.725
30.000,408.519
30.100,409.465
30.200,408.712
30.300,408.013
30.400,409.224
30.500,405.872
30.600,405.488
30.700,410.893
30.800,409.227
30.900,406.209
31.000,413.568
31.100,411.719
31.200,409.790
31.300,406.866
31.400,410.505
31.500,406.760
31.600,408.446
31.700,408.434
31.800,408.369
31.900,410.674
32.000,408.570
32.100,408.166
32.200,408.579
32.300,408.827
32.400,409.378
32.500,408.545
32.600,409.114
32.700,408.550
32.800,409.228
32.900,408.134
33.000,411.790
33.100,405.055
33.200,410.926
33.300,409.648
33.400,405.473
33.500,405.970
33.600,412.509
33.700,407.770
33.800,411.656
33.900,409.922
34.000,407.386
34.100,407.508
34.200,408.707
34.300,410.398
34.400,406.402
34.500,407.976
34.600,409.675
34.700,409.102
34.800,412.365
34.900,408.927
35.000,405.487
35.100,410.248
35.200,407.869
35.300,408.367
35.400,410.966
35.500,405.782
35.600,406.222
35.700,411.343
35.800,410.270
35.900,407.546
36.000,411.372
36.100,408.795
36.200,406.144
36.300,409.882
36.400,409.707
36.500,409.396
36.600,407.458
36.700,399.650
36.800,413.326
36.900,411.547
37.000,408.366
37.100,415.362
37.200,407.151
37.300,409.047
37.400,409.149
37.500,405.541
37.600,410.616
37.700,409.493
37.800,404.965
37.900,403.409
38.000,411.274
38.100,412.049
38.200,408.569
38.300,415.125
38.400,407.684
38.500,405.653
38.600,410.462
38.700,408.050
38.800,409.210
38.900,407.834
39.000,407.454
39.100,403.334
39.200,413.607
39.300,405.790
39.400,416.198
39.500,409.820
39.600,406.637
39.700,407.694
39.800,410.796
39.900,407.743
40.000,408.166
40.100,408.571
40.200,399.214
40.300,413.287
40.400,406.568
40.500,413.721
40.600,415.791
40.700,408.270
40.800,406.960
40.900,406.489
41.000,410.664
41.100,405.418
41.200,410.086
41.300,401.491
41.400,407.154
41.500,376.303
41.600,235.806
41.700,205.110
41.800,201.125
41.900,201.909
42.000,202.222
42.100,201.306
42.200,200.174
42.300,200.254
42.400,202.298
42.500,201.837
42.600,201.736
42.700,207.393
42.800,209.391
42.900,210.711
43.000,209.999
43.100,209.456
43.200,211.657
43.300,210.060
43.400,210.166
43.500,209.574
43.600,210.102
43.700,206.161
43.800,201.158
43.900,201.413
44.000,205.647
44.100,207.392
44.200,209.428
44.300,201.457
44.400,200.174
44.500,201.353
44.600,205.274
44.700,366.698
44.800,419.541
44.900,428.609
45.000,440.125
45.100,440.345
45.200,425.147
45.300,433.979
45.400,442.230
45.500,430.103
45.600,441.820
45.700,439.498
45.800,428.075
45.900,442.473
46.000,426.382
46.100,437.282
46.200,432.605
46.300,407.520
46.400,412.349
46.500,406.244
46.600,408.911
46.700,408.359
46.800,408.303
46.900,407.746
47.000,410.191
47.100,406.234
47.200,401.373
47.300,413.081
47.400,416.952
47.500,404.880
47.600,410.129
47.700,409.460
47.800,406.790
47.900,408.859
48.000,409.245
48.100,401.176
48.200,416.786
48.300,408.371
48.400,410.572
48.500,407.987
48.600,408.322
48.700,408.940
48.800,408.360
48.900,408.270
49.000,409.301
49.100,407.665
49.200,407.493
49.300,411.612
49.400,408.787
49.500,410.316
49.600,406.863
49.700,408.242
49.800,408.678
49.900,406.769
50.000,411.816
50.100,409.399
50.200,407.509
50.300,410.327
50.400,409.291
50.500,408.980
50.600,408.125
50.700,408.639
50.800,407.288
50.900,408.766
51.000,409.857
51.100,408.194
51.200,410.685
51.300,409.822
51.400,406.907
51.500,408.132
51.600,410.324
51.700,407.266
51.800,408.707
51.900,406.691
52.000,413.124
52.100,408.281
52.200,409.949
52.300,407.381
52.400,409.767
52.500,406.443
52.600,410.252
52.700,408.206
52.800,408.423
52.900,403.175
53.000,413.391
53.100,409.122
53.200,409.307
53.300,412.088
53.400,406.754
53.500,409.379
53.600,409.121
53.700,407.428
53.800,409.300
53.900,408.210
54.000,408.255
54.100,409.434
54.200,407.557
54.300,407.446
54.400,409.192
54.500,410.772
54.600,408.535
54.700,409.196
54.800,409.745
54.900,410.477
55.000,407.045
55.100,410.571
55.200,407.458
55.300,404.413
55.400,410.159
55.500,409.682
55.600,411.827
55.700,406.973
55.800,408.815
55.900,408.955
56.000,410.019
56.100,407.513
56.200,409.870
56.300,406.631
56.400,409.134
56.500,407.949
56.600,411.603
56.700,406.196
56.800,411.965
56.900,407.873
57.000,408.380
57.100,407.936
57.200,406.199
57.300,406.352
57.400,414.539
57.500,404.770
57.600,413.614
57.700,411.859
57.800,406.389
57.900,408.420
58.000,409.092
58.100,407.045
58.200,407.369
58.300,409.431
58.400,405.460
58.500,402.889
58.600,412.050
58.700,414.202
58.800,409.363
58.900,413.636
59.000,408.791
59.100,405.689
59.200,409.689
59.300,408.899
59.400,408.986
59.500,405.354
59.600,406.911
59.700,408.332
59.800,412.878
59.900,411.175
60.000,410.261
60.100,405.484
60.200,411.460
60.300,407.125
60.400,409.887
60.500,409.405
60.600,402.692
60.700,408.790
60.800,410.643
60.900,410.561
61.000,410.420
61.100,410.401
61.200,408.450
61.300,404.265
61.400,412.529
61.500,408.413
61.600,406.737
61.700,403.773
61.800,412.143
61.900,405.422
62.000,409.584
62.100,417.244
62.200,407.999
62.300,407.185
62.400,411.350
62.500,406.247
62.600,409.063
62.700,407.946
62.800,401.012
62.900,411.576
63.000,407.407
63.100,409.281
63.200,417.592
63.300,407.807
63.400,408.690
63.500,408.311
63.600,406.817
63.700,401.835
63.800,377.177
63.900,250.425
64.000,208.202
64.100,205.174
64.200,208.580
64.300,204.082
64.400,204.791
64.500,205.208
64.600,202.568
64.700,206.290
64.800,203.107
64.900,204.616
65.000,203.067
65.100,201.932
65.200,202.238
65.300,201.636
65.400,201.802
65.500,203.765
65.600,207.577
65.700,207.163
65.800,201.288
65.900,200.691
66.000,204.441
66.100,202.452
66.200,200.138
66.300,210.415
66.400,208.603
66.500,198.601
66.600,201.095
66.700,204.401
66.800,201.118
66.900,206.385
67.000,368.306
67.100,441.733
67.200,435.969
67.300,444.321
67.400,434.495
67.500,440.120
67.600,453.922
67.700,418.922
67.800,435.842
67.900,442.472
68.000,435.821
68.100,444.770
68.200,424.745
68.300,437.797
68.400,443.009
68.500,438.296
68.600,419.492
68.700,409.661
68.800,408.362
68.900,405.585
69.000,409.196
69.100,409.023
69.200,409.119
69.300,406.983
69.400,403.805
69.500,408.667
69.600,417.546
69.700,405.693
69.800,407.760
69.900,407.226
70.000,410.286
70.100,409.644
70.200,407.866
70.300,403.247
70.400,415.663
70.500,410.797
70.600,406.771
70.700,409.953
70.800,407.709
70.900,410.224
71.000,407.331
71.100,401.651
71.200,412.593
71.300,412.231
71.400,410.696
71.500,406.765
71.600,409.136
71.700,408.879
71.800,406.900
71.900,407.896
72.000,401.645
72.100,414.795
72.200,406.815
72.300,415.516
72.400,408.463
72.500,409.005
72.600,407.820
72.700,409.787
72.800,409.205
72.915,405.370
73.000,401.930
73.100,413.142
73.200,411.213
73.300,411.648
73.400,409.294
73.500,408.848
73.600,406.874
73.700,408.693
73.800,409.710
73.900,403.888
74.000,413.182
74.100,409.851
74.200,408.155
74.300,408.283
74.400,408.434
74.500,406.605
74.600,408.019
74.700,409.748
74.800,413.453
74.900,408.665
75.000,408.844
75.100,409.219
75.200,407.517
75.300,407.932
75.400,400.741
75.500,416.937
75.600,409.783
75.700,406.720
75.800,408.440
75.900,412.364
76.000,408.232
76.100,406.969
76.200,411.841
76.300,407.728
76.400,406.648
76.500,408.563
76.600,407.520
76.700,407.767
76.800,410.888
76.900,411.088
77.000,411.663
77.100,404.331
77.200,409.608
77.300,409.210
77.400,408.833
77.500,404.957
77.600,411.515
77.700,402.890
77.800,416.198
77.900,408.359
78.000,407.412
78.100,411.309
78.200,409.706
78.300,407.845
78.400,406.532
78.500,410.069
78.600,402.815
78.700,411.060
78.800,413.435
78.900,407.228
79.000,411.837
79.100,407.738
79.200,410.078
79.300,408.010
79.400,408.739
79.500,406.872
79.600,403.661
79.700,411.668
79.800,410.562
79.900,407.458
80.000,412.076
80.100,410.830
80.200,405.732
80.300,409.054
80.400,408.111
80.500,406.740
80.600,406.463
80.700,414.900
80.800,411.172
80.900,406.910
81.000,406.885
81.100,410.249
81.202,408.834
81.300,408.290
81.400,405.529
81.500,409.199
81.600,414.710
81.700,407.480
81.800,407.031
81.900,409.504
82.000,409.911
82.100,406.876
82.200,403.948
82.300,407.968
82.400,413.150
82.500,408.313
82.600,413.638
82.700,407.014
82.800,406.324
82.900,411.057
83.000,410.163
83.100,407.495
83.200,399.489
83.300,411.004
83.400,412.499
83.500,410.422
83.600,411.352
83.700,409.533
83.800,408.071
83.900,407.586
84.000,408.411
84.100,408.666
84.200,404.123
84.300,412.498
84.400,408.467
84.500,414.051
84.600,407.057
84.700,408.065
84.800,409.944
84.900,406.959
85.000,410.420
85.100,404.513
85.200,402.275
85.300,413.963
85.400,406.612
85.500,413.595
85.600,410.077
85.700,408.454
85.800,409.324
85.900,401.851
86.000,402.763
86.100,395.163
86.200,272.844
86.300,208.610
86.400,205.568
86.500,209.345
86.600,206.171
86.700,207.593
86.800,204.182
86.900,206.543
87.000,206.055
87.100,206.320
87.200,207.311
87.300,209.493
87.400,203.922
87.500,208.373
87.600,208.006
87.700,211.717
87.800,203.710
87.900,205.729
88.000,209.834
88.100,210.645
88.200,204.324
88.300,207.030
88.400,202.066
88.500,206.420
88.600,204.149
88.700,210.037
88.800,213.686
88.900,203.373
89.000,204.596
89.100,205.424
89.200,205.161
89.300,314.021
89.400,438.425
89.500,433.287
89.600,432.375
89.700,438.721
89.800,444.487
89.900,426.953
90.000,431.337
90.100,437.130
90.200,434.573
90.300,442.401
90.400,436.382
90.500,434.399
90.600,438.891
90.700,427.746
90.800,410.686
90.900,413.699
91.000,407.418
91.100,406.959
91.200,406.408
91.300,409.925
91.400,404.220
91.500,408.068
91.600,410.984
91.700,411.497
91.800,408.148
91.900,408.764
92.000,408.731
92.100,407.993
92.200,409.934
92.300,403.926
92.400,412.985
92.500,410.301
92.600,408.274
92.700,409.885
92.800,406.779
92.900,409.116
93.000,409.672
93.100,404.767
93.200,410.938
93.300,408.330
93.400,410.901
93.500,408.411
93.600,409.079
93.700,407.053
93.800,410.814
93.900,408.960
94.000,408.161
94.100,409.143
94.200,405.242
94.300,402.799
94.400,412.960
94.500,414.057
94.600,411.471
94.700,407.458
94.800,408.271
94.900,408.483
95.000,406.718
95.100,408.201
95.200,410.354
95.300,405.967
95.400,412.604
95.500,410.327
95.600,408.256
95.700,407.009
95.800,409.455
95.900,406.972
96.000,409.499
96.100,406.203
96.200,409.700
96.300,414.366
96.400,408.391
96.500,406.039
96.600,409.158
96.700,409.722
96.800,406.892
96.900,408.128
97.000,404.900
97.100,411.419
97.200,415.195
97.300,408.074
97.400,408.315
97.500,407.169
97.600,408.598
97.700,408.599
97.800,407.593
97.900,400.274
98.000,411.360
98.100,415.691
98.200,411.791
98.300,407.078
98.400,409.564
98.500,409.440
98.600,408.053
98.700,404.890
98.800,405.403
98.900,411.138
99.000,408.588
99.100,414.896
99.200,410.309
99.300,406.306
99.400,408.550
99.500,408.612
99.600,408.433
99.700,404.789
99.800,405.860
99.900,411.059
100.000,418.002
100.100,407.597
100.200,404.715
100.300,408.443
100.400,410.497
100.500,410.105
100.600,399.630
100.700,411.883
100.800,406.719
100.900,417.294
101.000,408.452
101.100,408.691
101.200,406.342
101.300,410.743
101.400,407.204
101.500,399.439
101.600,409.261
101.700,410.306
101.800,413.914
101.900,414.013
102.000,406.624
102.100,409.061
102.200,409.407
102.300,406.394
102.400,409.775
102.500,396.543
102.600,416.576
102.700,416.174
102.800,406.830
102.900,407.739
103.000,407.688
103.100,410.944
103.200,410.864
103.300,405.770
103.400,403.183
103.500,413.187
103.600,410.154
103.700,410.759
103.800,405.809
103.900,411.552
104.000,405.877
104.100,410.150
104.200,398.554
104.300,413.625
104.400,415.690
104.500,409.782
104.602,406.025
104.701,409.701
104.800,409.316
104.900,408.747
105.000,406.261
105.100,410.145
105.200,410.775
105.300,406.194
105.400,409.174
105.500,409.889
105.600,406.073
105.700,405.544
105.800,414.112
105.900,406.940
106.000,413.350
106.100,409.016
106.200,407.716
106.300,406.718
106.400,409.686
106.500,400.866
106.600,417.729
106.700,409.292
106.800,407.754
106.900,408.647
107.000,408.122
107.100,407.266
107.200,409.393
107.300,408.074
107.400,410.962
107.500,409.294
107.600,408.046
107.700,410.118
107.800,407.878
107.900,410.115
108.000,406.027
108.100,407.045
108.200,401.277
108.300,409.193
108.400,356.658
108.500,228.071
108.600,212.046
108.700,203.270
108.800,206.300
108.900,207.006
109.000,206.289
109.100,205.983
109.200,206.708
109.300,204.186
109.400,206.444
109.500,205.143
109.600,208.119
109.700,206.986
109.800,205.131
109.900,206.662
110.000,206.508
110.100,211.909
110.200,209.077
110.300,205.257
110.400,206.050
110.500,207.862
110.600,212.294
110.700,205.673
110.800,204.834
110.900,206.364
111.000,205.564
111.100,204.423
111.200,204.645
111.300,211.289
111.400,211.083
111.500,218.150
111.600,371.838
111.700,422.409
111.800,430.291
111.900,435.535
112.000,439.104
112.100,427.616
112.200,437.515
112.300,427.115
112.401,432.632
112.500,434.411
112.600,430.841
112.700,419.103
112.800,405.506
112.900,414.136
113.000,404.892
113.100,407.834
113.200,407.167
113.300,408.112
113.400,408.992
113.500,408.199
113.600,413.346
113.700,408.142
113.800,407.785
113.900,409.717
114.000,406.685
114.100,407.125
114.200,407.124
114.300,414.538
114.400,406.662
114.500,410.000
114.600,407.709
114.700,411.834
114.800,405.009
114.900,409.161
115.000,412.255
115.100,406.404
115.200,410.210
115.300,407.572
115.400,408.376
115.500,399.457
115.600,412.722
115.700,406.828
115.800,415.582
115.900,410.498
116.000,409.517
116.100,408.043
116.200,409.604
116.300,406.077
116.400,406.011
116.500,407.539
116.600,410.969
116.700,414.543
116.800,408.501
116.900,406.503
117.000,408.820
117.100,407.396
117.200,406.557
117.300,404.073
117.400,411.276
117.500,409.007
117.600,418.308
117.700,407.086
117.800,407.607
117.900,407.176
118.000,408.675
118.100,402.338
118.200,410.538
118.300,407.408
118.400,418.565
118.500,404.775
118.600,412.100
118.700,407.459
118.800,408.302
118.900,403.313
119.000,405.370
119.100,412.119
119.200,414.422
119.300,410.575
119.400,408.812
119.500,406.416
119.600,409.441
119.700,407.721
119.800,404.043
119.900,407.091
